ID,IP,DeviceCount,RAM
1,31.84.89.194,2,53.776509137832164
2,145.187.31.175,0,44.97148033727049
3,200.204.33.95,6,129.41936021317088
4,131.108.212.172,7,142.36718673100827
5,38.153.5.6,1,92.54341894154982
6,48.73.57.175,3,156.56847515676057
7,116.105.102.94,8,118.01133229659655
8,188.157.137.231,8,143.19104315274615
9,51.90.39.215,1,174.22586307059814
10,75.192.7.185,1,204.67354897433094
11,43.75.47.144,4,79.06202931755871
12,204.169.69.148,1,67.35069058242723
13,91.18.124.189,0,103.9598992402889
14,13.238.81.142,0,68.3604554181905
15,137.227.50.247,7,55.628337446979685
16,222.137.39.38,7,201.88652593954077
17,170.22.123.63,6,24.210607521741423
18,197.80.221.115,3,96.8660214629804
19,216.179.246.167,6,17.280900742260286
20,140.190.67.219,8,171.99130984716987
21,124.77.193.245,0,9.89575079103409
22,88.117.216.138,1,222.9356393641769
23,74.165.235.131,3,56.27150683715996
24,138.18.36.151,1,78.61347887001028
25,72.158.32.228,2,226.2714119959485
26,183.228.222.136,4,166.70033852962086
27,182.214.31.74,7,175.89917093884767
28,4.100.194.127,6,24.19384538943791
29,36.108.213.213,6,183.81538983913222
30,190.52.105.202,4,148.5668847475787
31,203.163.95.174,4,9.837627491157434
32,1.217.232.252,3,131.775289049682
33,150.162.111.10,8,69.33494846003956
34,215.199.156.158,4,28.945305101497127
35,37.190.141.120,0,220.76350296191438
36,191.199.105.180,2,189.5080607366164
37,165.19.52.80,1,254.45165922297164
38,153.107.128.27,5,152.8080281249689
39,200.83.195.163,5,238.3075788974697
40,187.246.30.113,6,118.000612729561
41,108.21.149.36,1,241.67331373687855
42,153.91.12.157,2,234.90517352638548
43,66.30.155.185,5,226.9040067529175
44,34.46.41.64,0,21.91866268898619
45,15.98.176.125,6,245.57393729416603
46,122.26.206.109,5,223.44507849071164
47,179.65.109.219,5,183.66667604338443
48,189.191.122.210,8,65.99080200805935
49,101.243.172.147,6,28.16641488635139
50,137.139.151.6,7,46.03080567361329
51,148.108.119.237,7,73.86639260207718
52,168.55.174.93,8,183.12110429770394
53,157.196.245.209,4,23.893567249593133
54,205.41.189.121,6,199.34987314598504
55,139.215.113.147,1,191.74015855874117
56,139.185.215.212,5,103.37885091170384
57,134.99.145.28,7,113.71378749711647
58,192.155.231.133,4,41.76029710446136
59,49.40.74.243,1,65.97756795142502
60,180.19.75.193,6,170.10826215662772
61,210.79.174.18,6,184.40797957953967
62,214.46.91.214,7,50.95850592439092
63,204.133.51.192,1,172.37117876972917
64,206.99.226.45,3,201.79454254400338
65,178.96.71.41,3,92.8047298689535
66,119.242.144.6,3,226.61347091673636
67,65.101.189.159,2,193.98840584883467
68,158.70.156.172,1,2.849678679708404
69,60.218.171.128,0,46.95286439345276
70,157.148.116.126,4,228.90977715053776
71,211.42.229.165,0,145.70045287066657
72,171.30.134.38,4,219.1703653390298
73,39.226.15.79,4,240.24366684458394
74,21.219.235.38,6,179.78706720057306
75,105.221.150.54,6,106.01539286295775
76,50.31.40.101,4,99.71457583231154
77,90.254.112.139,2,152.16593181181352
78,100.202.141.221,5,63.776441642951255
79,187.173.238.54,2,130.601768059149
80,10.202.156.229,7,179.59155854423332
81,161.74.124.58,6,137.7929329245326
82,49.171.168.94,2,142.03325446126266
83,54.81.183.245,2,166.6430720610005
84,52.84.169.139,2,54.546695992247976
85,151.113.3.14,3,86.37810466946127
86,183.208.162.37,1,32.309066932648136
87,73.78.83.106,0,7.912969637979131
88,113.21.240.145,8,6.107114945446625
89,108.240.16.114,6,145.31882005404475
90,58.2.173.143,0,198.95853000840128
91,20.133.226.42,0,178.75148394835307
92,142.11.175.35,0,188.3759733661418
93,108.129.138.230,1,151.62916014470616
94,39.100.231.41,4,97.7479648676744
95,187.157.49.220,1,210.28055199681714
96,195.134.7.97,0,246.42556618286403
97,137.114.137.241,2,200.20350857699816
98,182.138.142.53,3,38.08443868421017
99,184.105.9.7,2,219.1182001415763
100,109.17.212.117,4,13.311008384714228
101,4.16.132.29,2,13.861258869198224
102,34.105.81.114,8,210.09657891590317
103,84.185.213.29,4,4.93429950253892
104,87.105.40.66,5,76.07159373197163
105,62.7.131.144,3,92.87351965498706
106,164.175.245.155,2,47.75523826429978
107,39.35.10.251,0,206.25907606162772
108,108.157.160.227,3,40.482092773837024
109,51.20.91.18,4,182.38103683486884
110,4.145.245.23,2,171.11934459091572
111,34.4.155.40,1,139.46825437081813
112,63.152.43.64,3,102.8216534334928
113,56.165.91.9,7,113.90629174624334
114,51.134.224.215,0,123.25291920696114
115,39.111.37.17,1,65.51501522815494
116,145.232.159.120,1,168.19468068451243
117,98.152.230.33,4,55.083909389009364
118,215.218.184.113,1,29.981127751269838
119,73.15.96.170,0,154.69860729438858
120,91.25.214.238,5,253.81645489764657
121,6.125.174.96,0,13.666069615300273
122,120.8.13.194,8,227.0662202757646
123,97.86.207.128,6,106.16877736197773
124,119.184.178.84,6,162.7642887507568
125,31.189.29.12,3,25.862300710760906
126,175.86.74.49,8,38.96260285368811
127,222.82.185.12,2,102.53669150273043
128,89.134.194.102,5,220.03451271308586
129,83.14.10.101,4,254.37044683860958
130,182.226.166.15,4,38.34192135358069
131,158.206.67.240,2,75.26402958624567
132,69.141.67.219,1,103.42931794619588
133,92.44.84.89,7,220.11031678386868
134,19.113.73.210,8,107.93333472064614
135,170.198.142.69,0,62.39121451049735
136,118.94.233.76,1,99.97700023497362
137,197.163.150.144,1,146.33510926898663
138,100.20.130.13,7,62.96882792481358
139,129.238.130.27,4,103.89208077250339
140,99.90.19.226,0,46.86685282422138
141,193.242.235.143,5,102.5784006847565
142,8.45.48.217,7,80.03257065578401
143,87.237.166.136,0,247.16025421479833
144,82.138.199.103,7,44.19198668340508
145,131.123.153.100,1,95.21491551395738
146,204.92.130.221,7,76.44103559916016
147,202.107.96.147,0,236.97564298084302
148,134.48.43.115,5,10.316618540346582
149,80.23.80.98,2,74.41982283982804
150,126.49.76.141,1,116.77236440044183
151,32.96.218.188,8,9.105124435762036
152,56.178.192.117,5,161.6729881677609
153,23.101.212.166,7,119.419062979486
154,43.26.150.91,4,60.44689885879001
155,215.209.176.23,5,253.51748571763304
156,36.100.111.193,7,70.23769535411546
157,7.197.119.105,4,8.014736853200617
158,80.174.90.29,3,231.76625362946314
159,196.254.94.11,6,193.22285674121795
160,120.230.47.52,3,114.62924583951911
161,19.53.183.49,5,123.21546251329974
162,194.97.88.254,0,230.28036416877256
163,202.17.88.68,8,78.70442189605427
164,51.133.56.20,2,64.88275050355972
165,153.78.142.177,5,226.34059518508593
166,32.68.109.147,0,107.3875390876039
167,79.201.146.210,4,145.26902474155548
168,179.127.44.131,0,168.63452844778914
169,164.164.137.13,0,44.444474436344734
170,172.51.102.220,3,135.90331192446595
171,86.215.229.62,1,138.63515784688482
172,30.107.170.137,8,105.56343543472349
173,7.96.223.42,7,221.4011740599501
174,215.199.186.254,4,168.13126976007038
175,84.233.167.189,8,191.22207413900375
176,62.229.149.95,7,43.32932953179173
177,24.236.80.141,5,111.78612277608357
178,65.122.173.198,3,195.94695571410904
179,120.18.142.158,5,165.82213059796933
180,13.34.34.118,7,76.9534833349586
181,67.97.141.183,3,134.8031990923433
182,124.184.134.163,7,193.60824771040166
183,125.108.71.24,7,94.35946970756959
184,123.168.110.88,0,19.79650584885215
185,145.174.57.108,6,78.5589586563969
186,180.58.252.35,1,175.27518835036432
187,60.80.112.244,6,17.49999428613171
188,214.32.215.11,8,253.2804970093205
189,59.219.202.231,4,121.67728650931397
190,11.131.151.168,3,218.99906008908013
191,221.9.108.182,1,151.95853346956972
192,28.15.70.170,7,199.48449393880128
193,122.151.249.25,8,43.80932375473682
194,169.83.136.148,1,11.337931322835487
195,158.118.51.189,4,130.94166569429004
196,5.124.236.158,7,171.10040886643122
197,153.214.4.95,5,208.32174396538738
198,16.100.178.4,1,205.80038032637134
199,51.67.195.126,8,44.89402572559857
200,160.235.85.45,8,99.91388258218961
201,207.90.5.201,1,148.8079316704119
202,213.176.96.21,6,116.75711281409701
203,25.247.137.52,8,41.347928959032345
204,73.151.149.195,6,186.76746905454445
205,80.81.201.2,5,241.68266607071786
206,83.30.54.208,8,255.40822880262922
207,185.8.190.10,1,162.00720575479428
208,168.77.206.112,3,133.09950342461903
209,202.45.223.175,2,2.4166796533468755
210,65.169.165.253,5,111.84093441510089
211,161.152.156.90,1,162.88812639997835
212,157.233.130.132,2,199.32305838050067
213,180.95.211.176,2,51.17373915558335
214,12.195.2.100,6,241.49513254738304
215,144.166.254.116,2,148.5204239408181
216,61.71.80.44,8,189.57014163180577
217,157.46.190.111,2,177.7918721248593
218,2.27.117.66,1,195.19200396631283
219,59.52.150.229,4,61.90165141220615
220,198.250.213.15,8,175.91988635192473
221,102.211.59.3,6,194.8698917020042
222,99.237.57.189,6,77.9803858463562
223,130.47.183.105,8,123.24103134032734
224,68.88.8.73,7,9.626102853316667
225,93.218.206.195,4,66.8904569177389
226,40.216.29.208,2,226.45674472064525
227,14.43.74.167,6,235.73594255693544
228,168.232.104.150,0,167.68769429954423
229,168.157.102.127,1,91.88340143221143
230,183.122.137.245,2,213.06885973180846
231,31.111.107.229,7,165.7533612908412
232,165.23.108.231,7,128.98292302157915
233,177.51.250.251,0,86.00463346079997
234,220.42.147.186,7,235.09309375101986
235,90.221.23.92,1,250.78450046551575
236,50.49.157.102,0,140.01470291162948
237,132.225.186.0,4,93.62291517693112
238,177.155.211.2,6,90.03920502937433
239,137.249.238.253,6,118.2768602321373
240,185.97.90.130,8,117.14015673405638
241,8.76.247.168,1,92.3233041360657
242,53.117.207.175,3,179.35421531800432
243,206.202.87.215,1,116.00139408983395
244,76.151.152.25,7,127.849354563976
245,205.95.133.217,0,15.313189311765427
246,118.67.193.106,7,208.75312378843157
247,197.154.53.115,4,84.23719852724255
248,187.31.145.87,2,212.3074165405672
249,152.220.95.121,1,217.24756375472882
250,3.162.207.187,1,13.556484498053038
251,123.35.150.217,5,5.996347879898082
252,46.9.252.103,6,67.78335321412948
253,38.158.214.113,1,146.61562127511706
254,181.158.64.147,2,91.07964137324382
255,93.144.45.177,1,20.894020749247005
256,21.1.240.29,7,215.11573552128317
257,213.54.126.53,5,186.41925787498278
258,55.124.186.50,3,70.14552273388719
259,23.214.78.216,8,96.82260855972154
260,28.199.12.116,1,20.677887854649697
261,147.18.184.247,7,180.26243686158378
262,215.129.70.226,2,149.34874711983687
263,86.252.243.249,0,106.35174337857109
264,2.197.31.134,2,154.59046569942035
265,160.154.202.197,7,53.38557908501116
266,19.5.155.24,6,46.06769542323025
267,40.155.119.155,6,22.33940562925258
268,66.20.192.169,8,21.735087584490543
269,216.135.206.32,5,203.30448689889846
270,70.83.140.194,1,154.10483426658433
271,216.187.180.107,3,201.78590082001028
272,64.195.132.104,2,208.3505279994889
273,190.143.28.118,0,129.14205449516007
274,102.176.223.94,7,207.86818866025064
275,139.78.178.208,3,205.55719131410433
276,27.242.73.21,0,155.38263529433326
277,139.0.254.122,1,19.462816030941752
278,119.103.73.123,4,57.19213309356269
279,126.30.168.197,3,67.69813774161011
280,220.64.223.212,0,6.417694591677588
281,65.243.251.141,0,78.77322027102889
282,204.144.105.182,5,155.16265743438348
283,4.23.24.164,4,176.23458391290742
284,211.161.77.159,0,213.13969320694326
285,189.66.50.132,2,182.59549486440025
286,1.200.219.166,4,235.84020447346376
287,11.217.110.156,4,192.8440791324518
288,4.46.134.139,5,116.62984169987436
289,142.223.220.189,8,191.98696234242652
290,104.4.124.17,0,24.768407826111343
291,162.33.108.154,2,176.47249189662614
292,74.25.250.49,0,135.65347231404382
293,92.178.32.194,1,20.495514852800312
294,84.164.234.180,8,74.28186540160871
295,208.63.233.35,0,36.277240987418736
296,222.143.125.215,5,42.94608963018666
297,179.15.200.234,3,253.55700267495126
298,66.19.122.203,4,43.13641552650114
299,205.138.63.190,0,197.27505162289458
300,130.61.31.91,8,61.403569579982616
301,163.52.177.168,1,203.87334956086877
302,222.46.176.28,5,221.75011106484058
303,136.105.63.131,4,54.74770353340725
304,209.116.225.180,4,118.49226968117992
305,50.198.44.245,8,216.35592858239553
306,197.135.239.92,2,150.0797399856274
307,62.127.34.101,1,201.24426839171377
308,222.165.230.240,2,254.07259453411592
309,47.165.24.214,7,67.39457519582032
310,157.111.147.158,7,15.305496773083519
311,183.244.157.2,3,125.0912706074887
312,94.206.207.143,7,21.971062519104862
313,130.252.22.78,0,18.093163235501493
314,47.77.99.80,6,77.32361598159119
315,76.73.37.234,5,159.89508202663703
316,50.143.79.211,1,72.20279636965628
317,170.255.7.181,0,8.048189599059725
318,149.236.224.237,7,134.24475992645748
319,107.177.14.54,2,233.51847232134358
320,116.174.181.49,2,91.63254253849342
321,65.129.96.88,1,96.01845017746459
322,99.49.220.79,8,93.94058921594132
323,9.81.86.100,7,212.16752742277825
324,11.73.176.61,4,27.337136665198443
325,53.116.17.130,0,210.05468289784326
326,222.183.184.102,4,153.63140307231942
327,12.114.77.130,2,62.57046128011379
328,39.132.193.58,0,127.17596634854115
329,222.39.177.90,5,72.45928195333465
330,41.73.4.123,4,168.59123414332925
331,195.28.239.88,0,138.28024506856525
332,221.248.117.73,4,53.71585392109685
333,73.97.42.184,5,111.86176458457899
334,25.114.40.95,0,30.397954556105645
335,134.121.52.160,5,205.4219019782293
336,68.132.107.166,2,13.030125420253512
337,124.161.37.112,4,82.81517720281349
338,188.245.161.65,6,238.7074725488016
339,203.222.237.175,6,36.486858769331036
340,133.187.111.134,6,146.3929548433407
341,8.208.6.13,1,43.589681471680706
342,21.128.37.113,6,8.408621219433797
343,186.0.4.98,8,117.15818244320039
344,54.212.250.161,4,138.31403314472652
345,50.60.241.254,7,207.62122115710827
346,39.179.236.206,6,146.78531450866123
347,144.150.157.201,1,158.79992122756738
348,122.56.75.180,6,177.0820889862577
349,194.241.128.61,4,25.607483235957034
350,4.180.231.25,0,81.5890786102456
351,28.20.94.107,2,48.07826573791988
352,60.47.31.136,8,85.89029853044855
353,84.153.193.101,6,110.55478909260918
354,215.89.243.83,0,99.39308997072251
355,89.160.27.106,8,184.64973459938375
356,13.199.43.33,8,160.0035909081663
357,16.89.85.122,1,103.67642980772484
358,133.182.206.118,3,6.680211703742259
359,174.159.86.15,5,133.79844452299102
360,76.243.106.81,5,28.4728728517737
361,148.169.121.7,7,204.07619051827763
362,136.164.33.7,3,46.16930255038241
363,148.146.98.150,2,230.28512594737742
364,194.153.246.189,4,103.13272769184442
365,98.104.8.143,3,212.06947248067334
366,167.1.246.223,7,43.856328571109856
367,184.47.35.218,0,7.642692579828406
368,197.25.167.221,5,79.26967785315347
369,39.7.149.244,4,209.6062607809716
370,145.134.25.224,0,38.53791355074665
371,215.158.214.199,8,2.924117715584458
372,185.250.36.248,3,206.8011457240047
373,94.58.56.169,8,29.651696530633302
374,103.41.172.225,6,216.36271201288454
375,91.60.157.222,2,118.63554116182158
376,208.215.141.116,8,60.032719008668664
377,134.28.190.250,8,195.7109285516237
378,21.247.43.125,6,80.09714863648347
379,110.187.6.46,6,6.409956836807993
380,89.8.93.11,1,56.365112041374914
381,141.177.28.190,6,27.414430116681302
382,24.37.182.210,8,113.87052634861504
383,11.238.17.85,5,190.8847088997218
384,131.159.246.171,7,50.57924946326287
385,70.182.164.191,4,182.21724467500562
386,156.86.44.84,2,168.5197737219364
387,162.30.93.133,0,220.1341852437335
388,119.206.13.104,0,175.6125024211496
389,195.14.224.47,5,56.04977811429279
390,130.121.242.87,3,64.95239085749964
391,19.133.107.92,4,224.88681874985292
392,150.63.175.81,2,235.3044556291648
393,155.78.86.54,2,217.21918319787048
394,21.56.135.84,0,105.2255589963712
395,98.207.162.28,0,173.74313695022013
396,167.15.111.121,7,90.03028647588857
397,185.107.156.237,0,121.42508214210304
398,28.204.96.76,0,52.11395207149624
399,34.88.35.185,7,59.79731510612862
400,113.183.11.167,6,144.73700874179997
401,58.177.132.156,4,216.83897561074608
402,143.134.93.67,3,53.98139772244758
403,76.175.181.42,4,138.9483082885543
404,34.193.202.53,6,206.04412010911358
405,94.70.44.117,2,191.14328090313813
406,1.238.39.55,4,130.28412061845424
407,86.194.191.212,8,132.19332521858976
408,162.90.125.234,5,231.11610603193046
409,59.71.149.13,7,16.27828573273294
410,119.93.86.33,5,242.35415823689658
411,130.166.174.148,6,107.10942639490418
412,8.213.136.168,1,113.86832458229699
413,94.208.168.79,2,53.06039016867115
414,180.183.181.174,7,206.15705240895156
415,183.239.244.54,1,165.60951211082906
416,31.168.173.249,5,1.426954545784497
417,4.207.203.165,5,15.023224346542861
418,69.115.172.53,0,56.09715545827967
419,60.205.69.43,4,29.93859785882225
420,197.49.114.11,2,127.31092885253395
421,47.163.40.204,8,75.46563753764676
422,138.8.81.98,6,202.371411714983
423,167.155.36.32,6,70.05708473154579
424,162.156.57.71,5,156.9638568578412
425,46.231.161.137,5,29.098742655386815
426,8.33.73.225,6,122.24159825348457
427,2.230.196.244,4,192.71569575389293
428,27.210.145.250,6,74.83011372830771
429,134.233.90.229,2,32.690986395075356
430,221.105.236.60,1,18.646192104709684
431,165.236.65.106,8,4.275744790164083
432,57.1.150.233,2,137.06646696208398
433,54.3.207.199,1,185.13857268541943
434,84.247.170.198,0,57.47849371538621
435,45.28.231.92,0,140.73650375642586
436,77.73.223.51,0,142.42964336246555
437,133.130.63.250,2,213.92003105207002
438,167.152.66.120,8,70.32956866564203
439,42.185.112.122,5,180.36711897946327
440,83.248.223.157,0,26.423706401029335
441,80.237.160.13,0,149.32777107947888
442,179.162.58.127,6,1.9960826956015865
443,68.228.139.21,8,118.97278524232414
444,190.243.13.169,0,137.60901985196693
445,69.68.129.121,8,232.18944254207287
446,49.248.91.75,2,153.46262539603956
447,191.118.136.137,7,167.20750250277496
448,141.16.255.67,5,90.95207217005532
449,73.107.10.110,3,57.90987049678867
450,112.39.101.25,3,154.5279816897648
451,89.11.142.103,6,45.139245689447506
452,15.212.212.95,2,164.8593292701598
453,159.118.248.242,1,74.6766097624616
454,80.116.146.106,5,155.99502395361955
455,106.152.210.246,2,107.12671687850295
456,73.139.110.204,4,93.55087689885525
457,31.89.15.211,6,204.29993724874495
458,206.155.58.33,5,107.09116367521545
459,138.127.60.159,8,178.56446759142142
460,44.2.220.150,6,182.16751948566713
461,169.132.215.177,5,161.48875416644606
462,167.55.189.44,7,77.99817117041144
463,52.33.167.206,8,215.80127233411957
464,65.251.80.80,1,32.87310116687274
465,142.20.190.55,8,238.41678077544367
466,215.65.20.80,2,113.65313715371732
467,42.158.128.237,7,27.21486878203288
468,218.10.211.239,8,182.72893556331405
469,132.91.35.37,6,89.27799183716473
470,90.140.138.4,2,179.72523088729142
471,105.103.129.199,7,77.1620314095531
472,139.174.83.98,4,195.41169086753362
473,32.21.253.229,6,165.13145378704158
474,111.253.173.208,1,77.47197133787637
475,106.0.11.0,3,71.23898538714556
476,42.131.44.255,0,103.86890861340075
477,103.255.164.8,1,43.41389884169942
478,61.83.250.84,7,145.26240194182753
479,93.255.96.171,6,204.18542789244864
480,109.194.96.6,7,189.2744634543914
481,30.160.51.105,8,47.450358326168214
482,169.76.145.154,2,155.8912215539897
483,146.6.122.6,8,39.105111490748584
484,113.162.130.50,6,120.78952904046986
485,69.79.98.100,5,159.25909711024897
486,178.18.45.126,7,85.99179214114346
487,104.248.60.232,8,120.04522667851683
488,207.60.93.255,5,7.007002529591006
489,73.222.87.223,7,110.33341866922859
490,96.245.130.176,3,9.959144502349204
491,158.220.143.15,6,155.96265149382444
492,119.117.145.148,7,114.8472690186511
493,94.24.63.121,3,244.37565944976706
494,164.213.20.206,1,217.44058546777296
495,29.73.162.191,4,51.082503460857794
496,199.210.189.6,1,12.840470888781795
497,97.175.139.185,2,16.7414708677137
498,154.141.38.149,1,25.717407860721778
499,169.148.218.2,2,82.03486531394395
500,202.32.47.60,1,164.39961034152458
501,165.195.157.96,8,10.306905921130237
502,35.108.207.164,4,222.13110391867227
503,119.141.167.132,4,188.2801451146506
504,104.4.213.78,8,171.71423544215375
505,106.225.193.195,2,177.38667679618482
506,95.41.243.240,1,164.33284625656287
507,216.200.252.131,5,7.454108569641221
508,215.253.217.41,8,224.5127187718692
509,15.233.239.14,6,203.0609658241904
510,198.168.189.87,0,126.8381018151209
511,105.53.110.196,3,190.25884903312905
512,92.124.234.145,7,122.00478881745713
513,119.204.169.139,8,64.69338059292218
514,30.166.64.163,2,218.75923978354857
515,216.44.205.8,5,123.98986138471915
516,50.40.44.133,7,112.1142086664562
517,199.234.128.60,4,253.70789701614757
518,190.3.234.43,8,178.1216306591547
519,8.153.206.8,3,214.99972239396385
520,39.225.3.174,1,148.51451874518327
521,122.4.41.11,1,72.81571775409341
522,82.212.5.242,2,125.38033939970296
523,47.89.242.78,3,113.48129341747634
524,86.146.252.185,7,1.834733794991621
525,126.98.144.50,8,100.83006260181938
526,138.43.186.17,6,22.983730339276804
527,136.6.162.249,5,71.77353862790471
528,2.100.116.126,3,174.0832983667022
529,128.17.175.217,8,241.01753371351452
530,167.76.190.195,0,165.7616748844325
531,132.153.162.184,8,143.39427835676628
532,73.35.212.61,4,91.70390463676722
533,117.14.195.58,6,131.61623479620414
534,163.117.59.172,2,48.80567950283202
535,174.7.173.199,1,112.58590290378373
536,47.61.55.81,4,147.05283288617406
537,217.195.170.146,3,196.2796288218329
538,42.40.132.64,5,2.025262232521385
539,137.217.10.240,0,105.40277354045728
540,102.8.137.219,2,111.95781664239502
541,174.252.48.4,6,213.70747828700905
542,192.86.248.66,0,47.62481500659365
543,30.194.185.247,3,213.75212639985978
544,77.85.30.49,3,117.3406652222597
545,188.58.9.159,8,10.618692060266426
546,48.44.4.51,6,52.534664666766304
547,15.121.174.13,5,48.665689619476154
548,193.249.107.171,2,135.2065998700217
549,56.124.50.186,6,236.5479062584224
550,121.17.196.107,8,119.00410048204145
551,81.38.163.229,3,114.80252116431058
552,84.38.205.149,7,53.61296705920333
553,136.60.83.145,5,59.87560476300777
554,150.181.200.139,6,82.88812238921889
555,65.172.35.204,4,91.20952127810753
556,121.136.35.16,8,171.51692532681804
557,119.29.207.143,2,172.44154851340872
558,47.239.164.195,3,45.34102102188538
559,105.152.88.145,5,82.4510338233824
560,128.52.95.13,4,32.94528640480155
561,137.171.233.146,5,194.9939557585001
562,55.179.50.121,4,231.75119935125042
563,223.107.66.152,3,162.72222724723508
564,81.136.142.235,1,170.0671200015369
565,126.4.86.180,0,122.46767767134855
566,78.22.86.73,3,12.521036141621437
567,135.43.107.4,2,63.53110719018741
568,164.54.191.250,3,22.17788267414781
569,109.169.156.175,5,189.43095652419578
570,29.141.125.56,6,204.00951746566892
571,142.59.173.11,1,84.98437328797885
572,26.143.174.3,3,222.8534257658088
573,30.110.51.193,7,228.87545497087606
574,77.66.213.227,0,48.24350444957284
575,120.3.41.206,0,3.823640747514702
576,16.254.32.150,8,45.65480227008314
577,131.104.132.115,1,165.9322527940459
578,172.54.116.181,8,51.21479838686221
579,170.204.220.45,6,155.466458741599
580,191.206.232.57,8,16.270638306339123
581,81.102.88.120,4,207.0219078070181
582,151.146.214.75,7,156.31328733470053
583,95.242.20.235,7,223.31823983131295
584,111.85.170.153,3,28.606602078620313
585,45.75.184.93,2,244.92077952343877
586,111.184.152.32,1,159.39564071921563
587,83.165.226.145,8,211.30464865051027
588,205.54.122.235,4,34.59946897333967
589,193.98.200.34,3,75.62084948204804
590,116.152.188.29,6,169.59291214119267
591,95.184.192.26,6,95.5192630217978
592,44.96.29.63,7,68.99358893160306
593,183.64.203.250,1,36.50450066534455
594,33.248.52.97,3,162.5005730915078
595,5.61.122.181,8,168.99483119872457
596,14.108.10.137,0,216.743594717172
597,217.71.46.183,2,187.2024395186677
598,166.89.64.95,8,161.57779773684533
599,25.104.188.242,1,224.30005442173328
600,13.203.202.170,5,45.462009529900456
601,102.233.212.126,4,197.22159182342526
602,159.162.127.224,8,252.8585600571158
603,180.201.109.97,0,236.10759625786554
604,50.142.21.9,5,112.75915142148489
605,102.181.101.220,7,171.10088536881491
606,134.43.183.2,2,26.71054775284017
607,182.243.182.158,6,228.41357313032074
608,12.65.110.44,2,6.220645523849186
609,77.3.148.85,8,194.64326624017752
610,31.71.161.78,7,97.61193110133638
611,212.71.205.234,2,215.1107418197758
612,94.201.11.124,0,130.6467425855196
613,15.239.40.110,7,145.1997381020662
614,39.61.157.30,3,247.6949973487306
615,222.120.207.139,7,233.09858120098687
616,5.41.205.117,2,67.61717848191498
617,35.203.128.90,6,10.57696762411004
618,188.127.126.132,7,53.5951303977794
619,156.58.28.19,0,13.032781142532258
620,22.152.34.115,7,51.64709226560015
621,197.127.160.254,5,222.80812691696403
622,191.1.252.220,4,89.49507672545306
623,111.218.89.28,3,92.51082042956881
624,62.244.197.90,0,239.0005309526507
625,161.220.36.97,4,225.9535804459558
626,23.17.154.35,5,35.17293324398614
627,88.107.20.211,0,26.62378468953264
628,48.191.211.186,7,183.56325782398605
629,112.153.157.39,1,162.12676263084566
630,101.165.236.213,3,212.51390742088012
631,111.241.197.81,3,50.921008798071625
632,16.104.97.28,8,210.5874709112987
633,92.124.242.177,6,226.07561665750268
634,84.175.78.235,8,80.31695040468887
635,204.192.162.154,2,97.58139980430468
636,195.65.178.49,4,67.03035655310566
637,6.53.13.203,6,114.48277704512654
638,156.48.205.9,4,64.87631314379698
639,198.156.50.253,8,101.77667318807266
640,36.100.54.77,2,14.88282215070194
641,19.82.182.94,7,21.36771596651417
642,215.83.89.121,7,254.94482305288543
643,42.166.214.108,4,135.94883437446381
644,20.252.91.55,2,116.77329288733384
645,218.155.245.69,2,179.67254371763346
646,51.151.242.167,2,152.99511467697357
647,119.229.154.57,1,121.25915907560167
648,176.221.244.1,7,204.35336112725943
649,74.226.32.199,4,99.00371419399843
650,75.175.102.119,7,111.75511345216768
651,218.197.98.65,1,229.39926344950757
652,159.16.221.218,4,47.1875746746494
653,39.26.231.157,7,185.69267689632898
654,80.138.33.26,1,101.53669230396758
655,105.116.105.196,0,92.10854353274246
656,15.76.185.47,5,116.98592798448502
657,215.200.157.99,7,23.42914865553294
658,219.163.141.24,2,171.9498840084179
659,157.134.69.163,1,135.79332011052028
660,199.15.99.121,7,83.37290567994285
661,187.248.174.64,4,95.7714466704806
662,221.51.29.105,1,147.95601713163694
663,72.134.194.105,6,28.692969081369284
664,38.251.215.146,3,160.6626058849189
665,111.135.229.240,0,92.94714585706873
666,135.40.51.95,3,90.20912908175916
667,59.91.151.110,8,97.76899116443838
668,60.76.56.111,2,254.7112576690397
669,30.57.81.59,4,181.74766765566756
670,171.162.52.155,5,57.96957073424693
671,221.195.29.42,2,123.96268811296929
672,54.124.181.245,7,238.96620718914437
673,219.75.208.16,0,5.584942771599231
674,72.228.86.107,6,155.56033214032007
675,115.27.117.48,0,240.95822784399704
676,106.26.69.49,6,250.84202362319581
677,131.158.85.183,7,92.12081268922259
678,31.120.73.210,4,59.850839221573466
679,105.101.170.16,7,66.5783655769878
680,122.197.75.10,8,34.07135303776553
681,148.134.24.30,4,34.215695599329024
682,222.251.80.148,3,84.01235744105168
683,118.192.211.139,6,187.63231360214513
684,63.51.52.203,8,170.80149084302133
685,80.7.171.138,3,76.40992091069518
686,31.248.66.49,7,137.74108193905883
687,85.164.230.92,1,228.82379457374884
688,200.83.236.67,1,24.066688520278746
689,118.135.89.146,6,191.44157126290062
690,68.148.252.159,2,250.8147317815456
691,63.88.44.42,8,106.86069812487904
692,164.15.97.232,1,47.680001064028204
693,167.141.208.22,1,228.12964708228307
694,49.168.99.2,1,135.5026240507191
695,163.73.254.181,1,177.59188140115924
696,95.14.21.210,2,65.71493024944562
697,182.14.179.49,3,182.3202029519883
698,135.20.141.54,6,190.54464205951567
699,43.23.150.127,0,162.40005607908074
700,3.226.148.9,7,93.37378791590743
701,59.161.29.60,5,39.090292364923016
702,131.142.30.104,2,68.15052840629019
703,209.206.101.117,3,117.54181403390137
704,193.96.31.209,8,21.807755107500753
705,77.163.4.133,1,163.74598152618682
706,113.156.180.68,0,169.1517307548045
707,210.229.96.243,6,207.82506307445752
708,196.13.221.178,4,251.87207448425522
709,183.43.28.0,5,159.57857031060638
710,29.55.230.189,6,161.5290732722721
711,222.55.92.179,2,186.67134199632096
712,106.196.134.229,0,221.30775450674
713,73.107.239.50,8,22.676440503600617
714,211.35.3.69,7,21.58637181855363
715,71.74.35.227,2,196.63799205840948
716,184.238.14.133,3,216.7585643825349
717,144.161.16.186,8,245.2559720410076
718,149.31.249.141,3,127.76677990992565
719,218.46.94.171,4,152.4615045221995
720,153.213.48.121,1,82.13987899788438
721,198.33.121.120,3,46.67038893115537
722,81.120.78.201,3,234.3957956099919
723,37.110.80.229,3,78.51853826842239
724,71.67.132.88,1,160.29308568214122
725,84.176.241.59,2,132.39325096745935
726,191.190.235.241,6,175.56276475228682
727,112.246.198.68,3,70.70726798577405
728,46.222.120.136,0,250.62537729960056
729,144.44.195.220,5,71.29343757920921
730,211.46.52.234,5,255.94395055720477
731,172.6.255.221,2,54.29610808725121
732,192.51.8.146,2,137.41623061967132
733,212.33.22.121,1,254.75501640597426
734,123.201.251.189,6,175.6276485779017
735,67.67.96.201,0,104.91065380264408
736,87.53.128.247,7,65.05933297758881
737,134.142.233.215,7,42.642153235023414
738,199.180.101.22,3,57.82803769685668
739,8.18.255.182,6,254.142613116416
740,36.68.38.210,2,254.80092560922995
741,223.139.13.119,6,149.80675946472223
742,142.208.199.214,3,53.05381184869964
743,6.145.158.66,3,127.03309763312652
744,5.206.197.250,8,84.53065332204869
745,214.98.247.65,1,196.1600981993478
746,138.0.103.156,1,69.64758330194346
747,82.241.169.84,6,174.90795181286143
748,211.169.2.105,1,204.78727637077756
749,8.166.137.96,5,22.615422401134197
750,8.14.11.48,8,176.85106198887937
751,154.126.51.151,1,93.9862619432651
752,174.100.60.242,5,82.18066066223355
753,109.212.225.139,4,41.14949211227858
754,190.98.91.84,3,105.8599688679272
755,193.186.207.147,1,196.7649533751168
756,161.212.1.158,0,86.21127983846702
757,18.129.39.59,5,75.90214901383422
758,43.246.72.163,1,229.2032406520342
759,108.98.8.69,8,60.59020067484187
760,59.161.3.168,1,19.333891025218378
761,153.55.187.82,1,122.67911501105522
762,77.157.94.11,1,73.45276147629849
763,222.60.46.65,6,78.17312451210927
764,76.255.180.121,2,228.10676392781704
765,30.141.19.109,5,4.412912986988999
766,134.7.207.101,1,233.5770172519124
767,214.68.80.131,3,243.2939621291009
768,191.109.34.4,8,199.86500196692066
769,141.17.158.163,3,239.17422472263266
770,169.249.225.150,6,164.65369101056052
771,148.253.25.113,3,56.885321139504214
772,223.39.118.130,0,249.66487476866044
773,109.11.245.65,4,154.8987121323966
774,12.83.235.155,2,109.31851025430797
775,16.195.85.25,7,9.576461880303498
776,115.155.54.48,4,20.74465395330685
777,160.80.175.156,0,249.07691077362094
778,163.79.40.44,8,122.51389171235218
779,46.182.203.54,7,0.7594184277830323
780,32.97.254.112,1,218.37543401584406
781,172.131.57.197,8,150.5652485172761
782,152.77.50.90,5,34.521397707905095
783,134.26.123.29,0,249.57084636579893
784,182.100.195.114,4,170.0938812753948
785,122.136.74.31,0,94.06684965264944
786,156.161.153.113,0,85.12150507827681
787,216.128.28.32,8,169.35313732360646
788,73.115.210.132,7,18.064589500566996
789,115.154.69.234,4,174.01983002339915
790,57.46.128.231,4,249.48206987340996
791,223.36.196.30,4,170.8950071789276
792,170.60.19.87,2,210.39532843636786
793,168.215.222.223,1,80.38471143215901
794,17.96.253.231,3,128.12546885396347
795,77.92.176.176,0,110.19185597867806
796,4.15.186.84,8,104.80908192317605
797,222.222.186.116,1,20.773153290042472
798,166.139.177.13,1,75.38925123073355
799,56.225.201.194,2,196.1945862996145
800,90.196.127.140,8,151.9997036299485
801,49.48.90.123,6,246.64873698584003
802,67.20.76.104,2,42.66041636586917
803,179.64.79.172,0,178.69346482766244
804,171.127.155.61,1,69.80228346992178
805,139.90.85.91,1,184.46687022645062
806,36.183.219.159,7,246.43416907065924
807,199.62.1.194,4,179.85170953309074
808,140.68.98.124,5,80.90261830429876
809,208.134.107.161,1,103.4421532169221
810,93.88.200.10,7,120.63707630028375
811,122.44.198.246,1,68.83137446928615
812,133.203.62.163,1,231.83727365389538
813,126.91.128.199,7,13.579418845714542
814,148.6.154.122,6,153.53531636607008
815,168.180.137.71,4,93.55507900142018
816,196.40.173.72,6,53.0190936811841
817,95.221.65.174,6,152.34426660189098
818,105.154.252.47,8,252.53880594843204
819,71.232.53.5,5,131.9016225154212
820,123.25.242.175,1,248.5081754902628
821,148.79.66.184,5,83.33678260920391
822,142.163.174.32,5,171.6709694318472
823,56.122.74.152,5,161.25416751744632
824,41.6.126.42,7,45.78694811097742
825,88.66.216.202,0,123.8630830700028
826,91.136.137.199,6,155.31912129379748
827,31.152.60.30,6,140.77626230374767
828,73.22.229.156,2,52.99667244045733
829,92.22.154.182,2,115.49583582456953
830,122.210.48.140,4,113.79043544464665
831,97.123.7.78,2,188.53617122859805
832,35.112.62.12,2,12.30787165244746
833,92.145.171.57,4,185.4892929215703
834,202.4.132.150,5,241.29840130940352
835,214.99.225.129,2,147.51410232405686
836,103.147.31.159,0,70.37489971850687
837,189.30.206.20,6,169.68844638455502
838,178.199.0.203,4,129.86003390814088
839,205.250.66.129,7,127.4195139614568
840,151.189.46.248,2,219.1292622974828
841,49.88.98.23,7,127.2533054097135
842,184.19.218.83,6,218.4922568963058
843,90.145.237.10,5,120.77578396246471
844,34.185.93.170,4,180.6663477085756
845,79.182.103.236,4,10.073685883188006
846,202.237.150.236,0,149.37534335477557
847,118.60.74.253,3,229.39457714965226
848,31.237.176.68,2,44.192311562113986
849,168.218.89.115,4,172.2765361523028
850,135.205.225.146,6,205.8210941273926
851,213.202.113.122,1,70.0569217037388
852,169.246.64.199,0,7.383885349984297
853,85.221.190.94,5,173.25989810774038
854,16.8.228.106,7,225.0710355442926
855,128.152.239.144,2,145.8303200599572
856,131.224.171.145,6,127.11270365758875
857,210.179.144.202,0,70.47140183892347
858,181.98.39.248,3,98.72563815993706
859,111.58.61.162,8,48.91560967063063
860,52.109.146.153,8,80.8865819085284
861,163.242.151.150,4,178.59610977453764
862,50.89.171.93,1,132.63626768483928
863,109.33.27.39,8,114.64170757131075
864,67.28.102.248,4,101.4185983653048
865,185.130.218.6,1,1.2095028513180353
866,186.54.158.128,4,231.73792535201474
867,126.181.113.137,8,226.78886703546183
868,103.209.255.52,3,1.652945211144413
869,199.12.2.39,8,248.54320770379186
870,51.254.248.154,7,147.1107183708362
871,95.142.187.238,5,76.47876904456083
872,4.67.116.200,8,244.0822964221854
873,184.78.79.182,6,162.99743382020154
874,176.123.28.197,5,123.5489355345226
875,40.217.199.187,5,171.70790755131353
876,190.135.249.56,1,71.33902949460321
877,51.142.224.127,0,12.831130606106257
878,145.116.215.123,3,235.94866359626818
879,163.131.55.254,1,201.43856388710068
880,89.220.11.219,5,242.37177775012236
881,83.176.49.241,6,107.60653082454303
882,16.33.176.40,2,227.5925974396611
883,58.35.74.42,8,113.33563774792216
884,79.127.203.0,2,233.14750730274028
885,6.30.232.39,5,33.24727083987014
886,73.215.165.42,1,126.89707701912764
887,89.221.189.69,5,210.47113418381707
888,197.39.118.217,7,78.55833739879327
889,19.14.59.204,5,21.488272906747824
890,212.52.181.153,4,58.65413644176169
891,210.177.70.191,5,109.82719714085255
892,117.42.4.37,7,57.47350262907406
893,122.246.135.206,2,220.61296981128987
894,189.168.72.36,6,218.94095846295977
895,25.26.135.87,8,106.06105725667041
896,61.171.95.91,3,189.54522951712585
897,185.144.180.108,1,194.6509496549061
898,167.22.91.117,2,129.10463856482372
899,75.78.167.127,0,40.2919452053155
900,13.68.249.58,7,194.07088790159517
901,213.77.47.46,0,204.19390428454028
902,62.192.15.58,5,174.40931831561852
903,57.169.54.122,2,112.45329001838286
904,207.214.223.4,3,80.43748338726388
905,121.156.93.12,8,137.25922025112624
906,106.232.196.180,6,155.2562875192901
907,77.225.55.233,7,232.38494716278606
908,118.145.240.62,6,105.05716168197682
909,150.18.140.166,7,215.10557909786016
910,176.202.98.128,7,86.10382644487188
911,17.186.116.190,5,103.53016793588483
912,204.94.12.211,1,144.5461609907643
913,102.76.228.119,7,120.21772929569974
914,218.211.95.221,3,192.09210241705142
915,64.77.230.136,4,55.32606038564893
916,102.127.63.49,2,78.15318358920186
917,178.120.137.98,4,134.463375859608
918,215.101.222.184,0,169.51366912639043
919,176.23.234.79,7,128.98881424508482
920,90.55.8.78,7,128.61632897424857
921,184.112.70.41,1,163.9601857209662
922,13.21.168.128,5,119.21005133012218
923,202.73.13.198,5,186.48023418466192
924,189.218.85.151,6,134.14229334202443
925,93.220.113.184,7,198.505338193617
926,133.114.101.87,3,129.66739623679013
927,48.64.29.136,2,228.76739013943407
928,9.242.190.206,1,165.75289920083702
929,166.228.61.127,5,89.47455843272601
930,220.82.240.49,4,200.151086989964
931,223.56.100.213,7,108.42668122607736
932,62.213.213.38,2,30.73517853035591
933,77.111.73.31,7,132.15296915771856
934,73.219.207.234,6,1.4663469214176814
935,29.32.254.8,3,15.61967974844731
936,200.100.43.48,8,245.1182237757594
937,98.116.230.54,5,63.38081477306551
938,14.113.84.186,2,135.8499943133
939,100.198.227.236,1,53.505911069187135
940,212.63.4.185,7,245.99292425495085
941,163.123.125.140,3,144.42765408133087
942,174.222.65.178,5,71.75754606374173
943,186.204.120.252,3,24.43262355648193
944,207.61.52.104,6,232.78771255096615
945,64.212.8.54,4,251.9751393320286
946,133.24.158.85,8,99.85235496280126
947,197.216.251.98,6,248.62791779065327
948,128.63.23.91,7,121.08396935818129
949,142.134.241.181,0,14.495693917968538
950,131.144.226.228,6,60.31837255406626
951,123.137.27.157,4,91.53799615565458
952,94.149.153.2,1,6.833103330591257
953,136.50.177.1,8,79.61738394695053
954,20.201.57.30,3,185.6440724705966
955,181.188.207.174,3,43.103748926997014
956,171.223.142.82,2,192.15628594129916
957,128.188.124.137,2,54.96695649176496
958,66.144.171.44,1,125.81535089693381
959,220.179.192.59,6,180.0016464859449
960,45.220.52.92,4,251.23346356668773
961,118.251.194.36,7,66.6649865842962
962,114.74.153.133,8,148.0488575516973
963,221.59.201.235,5,253.33160413410494
964,22.138.186.195,7,173.8853288132176
965,44.40.251.152,8,106.116871026804
966,116.26.210.251,4,16.68727850594024
967,167.34.180.103,0,154.05507240202692
968,29.93.227.177,2,239.32984687674573
969,167.87.128.54,2,241.35699545040774
970,172.28.120.98,2,236.41417474296367
971,144.57.0.149,8,177.20569242113146
972,56.9.108.127,5,163.98560534146978
973,209.163.32.35,8,236.12543233387373
974,208.27.190.79,0,197.02808447788942
975,11.116.175.213,6,67.45420165064235
976,133.157.75.228,3,170.55498649973197
977,122.24.139.224,1,3.915527659516698
978,32.68.102.237,2,102.64859006504975
979,120.19.2.58,3,40.039614687050005
980,94.0.24.223,2,186.07879126886323
981,79.202.32.198,5,203.01849062205105
982,3.241.161.216,4,40.5552716053065
983,8.35.123.134,2,150.26064738180278
984,151.55.103.212,1,123.24738351522254
985,62.241.1.21,0,114.37978379592579
986,87.210.30.13,5,92.97759734655273
987,125.162.26.210,4,4.951774529905521
988,120.18.237.237,3,64.1858580523122
989,184.219.220.186,4,76.61876576610834
990,72.21.80.137,3,45.92902622245171
991,114.207.34.122,7,186.73740142753869
992,142.67.160.44,8,95.34232715615312
993,189.215.98.118,1,19.10724379460504
994,66.62.37.148,4,180.27805174714143
995,37.151.30.26,7,232.66591886527613
996,37.173.74.93,6,40.28517167835085
997,57.35.60.25,4,57.579280637428155
998,78.9.19.195,1,109.70125104749488
999,167.51.85.149,6,47.48813587580241
1000,185.121.126.129,2,3.829533396358812
