ID,Name,Project,NodeID,ImageID,NeedCUDA,Status,DispatcherID,TimeCreated
1,town,investment,345,226,True,995,775,2022-11-04 13:53:17
2,ability,officer,850,584,False,616,626,2022-11-02 05:03:07
3,fund,yard,690,653,True,981,444,2022-11-03 20:18:18
4,term,picture,658,704,True,334,951,2022-11-04 15:03:44
5,compare,fly,110,540,False,869,224,2022-11-02 00:23:45
6,enter,health,713,741,False,862,589,2022-11-04 20:54:09
7,economy,establish,729,655,True,147,243,2022-11-05 05:56:19
8,close,ask,275,615,False,937,627,2022-11-03 01:09:19
9,remain,within,853,538,False,891,14,2022-11-04 02:09:27
10,member,people,931,762,True,437,621,2022-11-01 11:19:46
11,no,sort,154,389,False,839,279,2022-11-04 01:00:20
12,property,week,180,197,True,119,512,2022-11-05 05:45:17
13,involve,close,803,45,False,991,419,2022-11-03 11:20:45
14,window,media,123,460,True,409,956,2022-11-01 13:11:31
15,box,move,900,215,True,636,139,2022-11-02 08:59:11
16,shoulder,economic,332,115,False,66,234,2022-11-04 15:54:14
17,paper,my,1,332,True,68,299,2022-11-02 18:00:51
18,admit,part,471,470,True,722,71,2022-11-03 23:06:24
19,always,since,325,399,True,908,839,2022-11-02 11:40:16
20,business,certain,212,695,True,85,204,2022-11-04 06:14:19
21,recent,as,917,555,False,645,78,2022-11-01 05:06:08
22,rather,try,358,551,False,10,994,2022-11-04 15:59:50
23,go,poor,900,483,True,443,559,2022-11-01 00:16:34
24,land,rule,806,588,True,626,446,2022-11-05 04:49:15
25,product,security,85,444,False,667,80,2022-11-01 11:25:25
26,bill,continue,434,836,False,851,750,2022-11-01 04:22:42
27,enjoy,various,732,34,False,240,495,2022-11-04 11:03:08
28,trial,one,32,344,False,554,72,2022-11-02 08:23:21
29,population,professional,556,625,False,395,217,2022-11-03 21:20:22
30,first,series,210,458,True,205,957,2022-11-04 13:14:38
31,word,capital,521,450,True,264,198,2022-11-02 08:42:14
32,grow,hair,721,516,True,226,916,2022-11-04 09:19:00
33,magazine,raise,757,555,True,571,3,2022-11-01 06:49:16
34,discuss,open,855,214,True,921,244,2022-11-04 18:22:39
35,there,for,212,475,True,230,446,2022-11-04 17:28:08
36,recognize,my,774,971,True,174,898,2022-11-03 17:52:42
37,television,special,466,769,False,697,312,2022-11-05 02:31:21
38,point,cut,213,160,False,180,324,2022-11-01 19:30:01
39,oil,activity,832,62,True,344,712,2022-11-01 00:22:38
40,defense,up,562,424,False,33,163,2022-11-01 09:52:17
41,forget,return,190,851,False,184,81,2022-11-04 15:51:50
42,require,especially,543,849,False,991,589,2022-11-03 18:41:39
43,after,stock,194,794,True,945,607,2022-11-04 10:25:08
44,against,number,618,290,True,760,597,2022-11-03 10:36:20
45,conference,agreement,127,876,False,814,726,2022-11-01 19:20:22
46,president,and,103,675,False,431,607,2022-11-01 08:09:59
47,whole,reveal,647,629,True,24,786,2022-11-02 14:52:34
48,catch,by,383,77,True,648,869,2022-11-04 03:49:17
49,such,skill,346,100,True,982,727,2022-11-03 23:40:37
50,support,country,590,984,False,712,768,2022-11-04 10:44:35
51,art,around,838,903,False,692,739,2022-11-03 06:02:16
52,teach,several,920,849,False,948,786,2022-11-04 06:16:01
53,condition,team,744,769,False,500,742,2022-11-01 07:43:47
54,standard,yard,572,59,True,420,321,2022-11-03 07:57:03
55,road,throw,379,402,True,343,797,2022-11-04 12:34:33
56,analysis,too,658,437,True,767,580,2022-11-01 23:22:22
57,answer,throw,5,977,False,502,533,2022-11-04 14:33:23
58,right,help,535,81,True,894,240,2022-11-02 07:27:01
59,focus,only,35,371,False,916,856,2022-11-03 02:08:30
60,bar,reach,894,248,False,698,545,2022-11-01 15:39:54
61,citizen,practice,951,324,False,890,236,2022-11-03 10:17:24
62,Congress,assume,304,907,False,26,551,2022-11-01 16:10:29
63,still,third,719,318,True,984,545,2022-11-03 17:50:10
64,wife,candidate,231,238,True,298,643,2022-11-04 04:47:53
65,health,here,15,732,True,586,2,2022-11-03 15:05:27
66,also,month,338,17,False,547,482,2022-11-03 16:08:34
67,take,later,260,911,False,899,708,2022-11-05 03:39:26
68,majority,say,456,885,True,465,255,2022-11-04 09:48:05
69,under,its,108,934,False,653,117,2022-11-01 12:46:59
70,change,traditional,919,905,False,266,175,2022-11-05 09:15:45
71,kid,four,523,722,False,369,857,2022-11-03 07:35:45
72,west,gun,371,326,False,631,337,2022-11-05 13:22:37
73,statement,address,298,960,True,191,175,2022-11-05 09:36:49
74,success,medical,915,799,True,381,874,2022-11-04 01:34:58
75,thing,cause,377,360,False,673,473,2022-11-04 04:03:09
76,themselves,often,124,553,True,872,892,2022-11-05 03:34:55
77,since,cultural,599,328,False,402,370,2022-11-01 11:28:39
78,federal,four,701,18,True,86,854,2022-11-05 07:15:54
79,large,ready,43,940,False,276,106,2022-11-03 13:04:54
80,world,example,558,466,False,317,917,2022-11-03 18:29:30
81,fight,summer,578,54,True,225,964,2022-11-04 14:08:18
82,century,likely,356,863,False,315,234,2022-11-04 23:21:57
83,red,like,543,876,False,27,20,2022-11-01 16:58:14
84,respond,concern,567,829,True,290,434,2022-11-03 05:34:12
85,team,day,761,797,True,474,944,2022-11-04 20:15:37
86,hospital,air,62,298,False,245,190,2022-11-03 16:51:55
87,spend,range,749,66,False,800,504,2022-11-01 01:06:38
88,him,crime,416,852,False,418,232,2022-11-01 10:06:01
89,perform,reach,392,572,True,570,531,2022-11-05 11:38:10
90,thank,relationship,258,717,False,991,966,2022-11-01 12:43:29
91,girl,right,948,903,False,222,184,2022-11-02 22:05:56
92,person,simple,478,755,True,437,679,2022-11-04 18:37:31
93,standard,product,934,695,False,368,3,2022-11-05 05:01:04
94,policy,wish,101,736,True,427,69,2022-11-02 13:17:13
95,place,green,366,71,True,935,482,2022-11-03 00:38:14
96,partner,style,413,442,False,313,528,2022-11-03 15:04:53
97,close,across,365,836,False,46,622,2022-11-02 22:34:25
98,avoid,control,297,82,False,386,660,2022-11-02 11:17:20
99,spend,artist,468,498,True,102,923,2022-11-02 05:28:21
100,take,travel,66,330,True,682,69,2022-11-01 21:58:08
101,finish,her,328,732,False,638,910,2022-11-01 17:50:21
102,wear,technology,550,722,False,257,100,2022-11-04 20:17:58
103,else,best,473,453,False,375,90,2022-11-04 11:02:53
104,skill,benefit,188,962,False,100,943,2022-11-04 09:31:27
105,interview,every,788,285,True,488,344,2022-11-04 01:32:52
106,you,ever,339,954,False,240,282,2022-11-01 01:38:38
107,strategy,agree,953,601,False,881,551,2022-11-03 15:32:39
108,popular,run,75,283,False,427,879,2022-11-05 02:19:32
109,still,film,465,643,False,40,6,2022-11-03 21:58:16
110,me,international,654,329,True,446,425,2022-11-03 05:03:45
111,line,certainly,100,679,True,591,35,2022-11-05 01:41:28
112,daughter,we,614,253,False,112,147,2022-11-02 23:04:34
113,bit,you,985,101,True,995,448,2022-11-02 13:46:42
114,reveal,become,69,560,False,705,228,2022-11-03 21:24:04
115,national,many,949,382,True,722,256,2022-11-01 10:28:06
116,line,relate,194,174,True,488,936,2022-11-03 06:08:50
117,his,protect,146,224,True,720,479,2022-11-05 02:32:07
118,teacher,pattern,222,896,False,97,717,2022-11-04 03:18:29
119,head,chair,782,816,True,339,144,2022-11-01 12:17:25
120,letter,director,48,363,True,100,395,2022-11-02 00:16:09
121,record,call,638,396,False,312,661,2022-11-01 03:51:45
122,small,high,153,238,False,189,61,2022-11-03 12:44:06
123,choose,identify,670,436,False,379,62,2022-11-05 04:21:37
124,necessary,throughout,603,947,False,976,595,2022-11-03 00:20:53
125,drive,level,571,151,False,652,811,2022-11-01 03:24:42
126,first,fund,923,788,False,76,24,2022-11-02 17:05:37
127,glass,south,545,818,True,833,341,2022-11-02 07:34:18
128,ready,commercial,446,639,False,267,215,2022-11-03 19:22:59
129,body,knowledge,782,868,False,887,394,2022-11-05 13:33:13
130,according,notice,578,657,True,507,234,2022-11-04 04:36:48
131,yet,appear,904,892,False,393,793,2022-11-01 13:16:13
132,nature,owner,671,455,False,367,874,2022-11-04 06:07:11
133,I,information,124,805,True,752,933,2022-11-04 16:26:48
134,so,boy,765,204,True,15,49,2022-11-04 23:36:25
135,entire,worry,417,886,False,993,850,2022-11-01 13:36:10
136,remember,reason,110,990,True,560,680,2022-11-04 01:43:43
137,instead,eye,399,754,False,692,595,2022-11-03 08:23:10
138,democratic,off,517,426,True,443,83,2022-11-02 23:41:01
139,open,serious,653,536,False,203,545,2022-11-03 01:11:46
140,month,popular,894,462,False,868,253,2022-11-05 13:07:01
141,gun,though,181,826,False,654,165,2022-11-05 05:00:54
142,over,born,589,570,True,650,603,2022-11-04 00:43:51
143,bed,compare,825,559,True,394,222,2022-11-02 18:24:49
144,mother,opportunity,301,738,True,958,188,2022-11-02 22:51:41
145,Congress,form,610,922,True,63,849,2022-11-03 10:16:41
146,sense,lot,94,771,True,278,572,2022-11-03 09:31:41
147,government,together,852,567,True,734,900,2022-11-03 01:38:33
148,true,continue,892,355,False,599,170,2022-11-02 09:28:26
149,ago,cause,904,325,True,164,446,2022-11-05 04:11:13
150,source,knowledge,752,260,True,372,316,2022-11-01 06:08:55
151,economy,approach,567,432,False,584,187,2022-11-01 16:59:30
152,yard,fast,660,993,False,617,947,2022-11-04 16:37:44
153,exactly,many,988,339,False,62,116,2022-11-04 05:07:07
154,look,benefit,987,557,True,916,312,2022-11-03 07:10:15
155,less,plan,112,600,False,960,550,2022-11-05 04:38:32
156,real,environment,58,64,False,925,846,2022-11-01 16:38:31
157,huge,tax,889,816,False,42,95,2022-11-04 07:41:57
158,parent,assume,910,502,False,46,414,2022-11-04 01:07:10
159,radio,number,697,952,True,398,933,2022-11-01 19:46:57
160,democratic,few,489,619,True,163,213,2022-11-03 08:00:28
161,possible,material,763,925,True,556,791,2022-11-01 13:07:17
162,significant,attorney,394,808,True,880,668,2022-11-03 02:01:11
163,office,tonight,733,451,False,479,374,2022-11-04 18:11:12
164,poor,between,679,617,False,669,677,2022-11-05 01:43:25
165,action,standard,846,589,False,405,261,2022-11-03 21:33:23
166,than,measure,836,368,True,865,165,2022-11-03 06:56:35
167,author,thank,804,909,True,72,404,2022-11-03 18:11:38
168,pretty,own,937,29,True,400,15,2022-11-03 10:48:44
169,group,rise,440,508,True,249,274,2022-11-02 08:21:34
170,and,suffer,707,85,True,123,223,2022-11-03 19:57:09
171,long,child,976,164,False,56,869,2022-11-02 04:44:57
172,newspaper,color,859,937,False,470,206,2022-11-03 01:28:30
173,ok,statement,440,614,True,946,127,2022-11-01 17:13:18
174,suffer,simply,994,257,False,44,101,2022-11-01 16:43:47
175,hospital,build,47,395,False,189,347,2022-11-02 07:20:31
176,account,one,476,193,True,962,119,2022-11-03 21:38:36
177,third,approach,973,55,False,641,875,2022-11-01 00:22:31
178,year,know,987,209,False,225,491,2022-11-02 20:07:39
179,site,so,819,625,True,486,818,2022-11-03 00:14:16
180,how,accept,794,343,True,979,771,2022-11-04 03:46:50
181,who,phone,170,248,True,336,341,2022-11-03 15:37:52
182,north,mind,888,661,True,796,724,2022-11-02 12:11:43
183,feel,assume,881,997,True,44,91,2022-11-04 20:08:39
184,activity,last,368,686,False,613,875,2022-11-03 16:32:35
185,night,full,191,127,True,218,211,2022-11-03 19:26:21
186,account,couple,917,356,False,398,607,2022-11-03 11:02:21
187,ground,either,325,310,False,354,356,2022-11-01 08:51:00
188,garden,shoulder,224,738,True,664,944,2022-11-01 14:39:52
189,pull,system,714,323,True,558,545,2022-11-01 16:40:27
190,station,every,219,576,True,951,372,2022-11-02 10:42:19
191,rate,seven,364,472,False,252,807,2022-11-01 03:58:50
192,opportunity,effort,731,584,False,921,753,2022-11-04 19:33:44
193,country,serious,987,633,False,746,783,2022-11-01 20:40:08
194,blood,star,541,972,True,694,457,2022-11-01 10:14:45
195,sort,control,632,987,False,186,127,2022-11-05 06:39:49
196,against,study,950,858,False,663,568,2022-11-03 07:27:40
197,method,follow,603,816,True,16,683,2022-11-04 11:40:51
198,spring,help,358,368,False,911,875,2022-11-03 13:06:45
199,foot,stuff,609,484,False,666,634,2022-11-05 04:04:11
200,wear,left,855,142,False,561,155,2022-11-04 07:36:50
201,decision,son,364,692,False,592,255,2022-11-02 23:19:44
202,past,wait,940,403,False,384,393,2022-11-02 01:29:48
203,son,sport,337,31,True,367,142,2022-11-04 10:55:00
204,will,form,386,607,False,921,952,2022-11-05 11:32:40
205,force,business,920,786,False,841,13,2022-11-04 02:07:42
206,town,anyone,369,445,False,758,193,2022-11-03 16:56:54
207,call,close,606,661,True,478,555,2022-11-04 05:56:42
208,business,product,229,922,True,381,491,2022-11-02 19:48:36
209,happy,according,567,705,False,509,909,2022-11-01 18:54:05
210,why,daughter,471,85,False,88,509,2022-11-04 15:50:23
211,choice,type,491,319,True,871,438,2022-11-01 20:59:30
212,early,military,729,997,True,562,579,2022-11-05 12:47:55
213,right,feeling,181,322,False,539,599,2022-11-04 23:56:22
214,this,although,56,375,True,101,537,2022-11-01 10:48:01
215,area,shake,808,863,False,681,848,2022-11-01 05:19:39
216,two,break,448,582,False,945,890,2022-11-01 01:02:40
217,catch,special,184,408,True,202,110,2022-11-03 06:09:05
218,day,too,993,804,True,564,649,2022-11-01 18:10:45
219,activity,reality,955,479,False,993,747,2022-11-02 10:19:51
220,no,then,115,686,False,525,193,2022-11-01 05:33:13
221,candidate,difference,861,4,True,390,490,2022-11-03 02:51:01
222,hard,there,614,336,True,40,820,2022-11-01 07:35:49
223,history,natural,696,351,True,400,616,2022-11-04 04:25:44
224,well,task,604,724,False,380,312,2022-11-03 10:42:56
225,over,ok,946,762,False,216,667,2022-11-04 20:43:54
226,community,thus,998,809,True,239,129,2022-11-01 10:53:12
227,operation,election,962,423,False,672,348,2022-11-04 14:46:32
228,stop,similar,960,794,False,845,907,2022-11-02 22:13:19
229,mention,bit,669,794,False,335,841,2022-11-01 23:43:36
230,individual,generation,65,953,True,495,377,2022-11-04 10:16:58
231,itself,entire,24,664,True,401,719,2022-11-03 19:58:25
232,number,decision,248,291,False,828,415,2022-11-02 20:11:53
233,state,true,47,526,False,426,998,2022-11-03 19:52:57
234,bring,much,782,427,False,298,992,2022-11-04 22:17:02
235,whole,sort,123,170,True,225,316,2022-11-03 22:46:08
236,response,record,573,975,False,988,718,2022-11-03 17:47:41
237,general,above,464,388,False,936,664,2022-11-05 07:22:23
238,sense,night,779,282,False,799,455,2022-11-01 11:27:41
239,brother,senior,322,783,False,583,994,2022-11-04 14:21:06
240,teach,discover,640,154,True,841,653,2022-11-03 06:42:35
241,Mrs,bag,220,404,False,347,345,2022-11-03 11:30:43
242,me,treat,759,767,True,841,871,2022-11-05 07:35:06
243,how,reach,578,353,True,86,792,2022-11-01 08:11:46
244,role,relationship,281,210,True,15,266,2022-11-01 03:16:33
245,few,control,954,736,True,882,196,2022-11-05 00:59:21
246,cover,section,158,882,False,350,867,2022-11-03 05:31:15
247,despite,student,9,962,True,846,552,2022-11-03 11:57:09
248,family,worry,520,793,False,407,873,2022-11-05 04:38:05
249,last,threat,505,564,False,508,686,2022-11-04 17:46:27
250,book,institution,740,170,False,712,57,2022-11-04 15:55:30
251,understand,subject,299,221,True,958,545,2022-11-05 13:10:59
252,student,thousand,381,9,True,489,187,2022-11-04 04:37:35
253,research,issue,407,304,True,27,454,2022-11-04 20:33:21
254,final,up,699,64,False,151,269,2022-11-03 13:42:14
255,leader,develop,302,956,True,648,196,2022-11-02 10:30:49
256,her,walk,290,874,False,195,678,2022-11-04 22:36:29
257,need,while,11,889,False,264,580,2022-11-02 14:30:40
258,indeed,yourself,958,247,False,577,758,2022-11-01 19:10:38
259,skin,usually,996,8,True,518,442,2022-11-01 10:39:05
260,green,within,854,254,False,634,181,2022-11-01 18:26:02
261,less,fire,381,365,False,77,290,2022-11-04 15:31:51
262,military,phone,127,485,True,173,995,2022-11-02 11:04:51
263,force,national,113,143,False,861,676,2022-11-01 01:16:18
264,simple,amount,49,397,True,648,489,2022-11-04 14:14:31
265,great,pressure,928,421,False,462,840,2022-11-03 21:24:39
266,by,according,136,674,True,326,187,2022-11-04 06:57:55
267,person,require,917,933,True,58,328,2022-11-04 17:36:47
268,every,whole,809,256,True,283,496,2022-11-02 19:25:19
269,off,race,47,932,False,587,649,2022-11-05 06:01:31
270,behavior,so,428,767,False,429,285,2022-11-04 04:47:31
271,nothing,structure,271,165,False,491,133,2022-11-04 07:46:35
272,staff,trip,465,911,False,743,845,2022-11-01 02:34:46
273,learn,music,264,795,True,461,668,2022-11-05 09:18:36
274,morning,sign,347,870,False,154,861,2022-11-05 04:32:31
275,agree,statement,602,185,True,42,748,2022-11-02 11:53:15
276,sometimes,store,473,729,True,254,341,2022-11-05 11:16:09
277,significant,could,557,311,True,351,503,2022-11-02 23:24:29
278,cell,edge,752,283,False,392,418,2022-11-02 23:43:36
279,argue,two,742,365,False,80,190,2022-11-05 11:57:33
280,house,fly,472,434,True,313,547,2022-11-04 09:58:40
281,get,window,811,107,False,20,842,2022-11-02 09:39:29
282,support,must,766,214,False,536,878,2022-11-04 03:47:53
283,example,thing,281,720,False,580,791,2022-11-03 07:51:20
284,magazine,want,100,146,True,830,371,2022-11-03 02:58:40
285,across,opportunity,858,984,False,165,733,2022-11-04 17:05:05
286,probably,see,669,418,True,675,861,2022-11-04 06:01:33
287,room,example,952,656,False,283,91,2022-11-02 17:04:51
288,even,key,668,114,True,563,149,2022-11-02 17:08:22
289,tough,require,740,129,False,200,805,2022-11-04 21:36:57
290,capital,contain,506,891,True,206,347,2022-11-01 23:45:36
291,pick,wear,122,159,False,198,263,2022-11-05 08:30:45
292,issue,arm,192,1,True,339,480,2022-11-03 15:16:56
293,name,simply,247,406,True,579,82,2022-11-01 20:08:47
294,example,issue,60,766,False,931,495,2022-11-02 19:28:27
295,impact,above,953,310,False,411,169,2022-11-03 00:55:26
296,smile,practice,668,441,True,266,839,2022-11-03 04:45:51
297,environmental,also,377,215,True,705,480,2022-11-04 14:39:21
298,sort,message,420,499,True,860,848,2022-11-02 04:32:26
299,for,tax,512,985,False,289,483,2022-11-04 06:05:17
300,life,old,827,615,False,658,372,2022-11-01 18:51:12
301,movement,whether,163,99,True,481,674,2022-11-03 07:06:21
302,west,receive,180,982,True,590,986,2022-11-01 18:15:32
303,debate,couple,862,429,True,333,905,2022-11-02 03:36:56
304,question,range,646,16,True,81,810,2022-11-01 05:35:05
305,scientist,go,744,926,False,888,989,2022-11-02 19:12:45
306,little,decade,822,690,True,26,916,2022-11-01 02:51:10
307,over,whose,602,102,False,170,432,2022-11-02 02:45:26
308,why,enough,89,445,True,326,103,2022-11-05 05:24:53
309,very,shoulder,319,271,True,440,123,2022-11-03 00:13:16
310,section,cut,460,624,True,366,610,2022-11-01 11:11:41
311,deal,story,996,967,False,503,222,2022-11-02 00:08:36
312,evening,city,56,929,True,574,922,2022-11-01 19:12:30
313,view,almost,729,387,True,363,668,2022-11-04 06:48:53
314,five,face,392,335,True,336,888,2022-11-01 16:23:00
315,lot,rise,460,21,True,169,101,2022-11-02 07:57:24
316,resource,wear,493,736,True,302,3,2022-11-05 09:41:32
317,notice,she,319,643,False,523,142,2022-11-01 12:07:17
318,choose,research,413,646,True,454,51,2022-11-01 03:38:46
319,Congress,parent,904,387,False,391,854,2022-11-04 16:55:29
320,though,produce,421,573,True,4,392,2022-11-03 12:38:01
321,magazine,attention,182,620,False,124,662,2022-11-02 20:02:05
322,maintain,computer,869,721,True,195,170,2022-11-02 20:47:33
323,deep,close,118,498,True,327,440,2022-11-03 06:26:35
324,energy,cup,490,704,True,150,570,2022-11-04 02:41:59
325,rock,number,149,465,False,408,819,2022-11-04 21:24:33
326,on,usually,584,404,True,831,550,2022-11-02 10:28:39
327,long,price,442,839,False,39,55,2022-11-04 20:20:55
328,lead,tend,168,42,False,292,187,2022-11-04 15:01:19
329,decision,church,384,439,False,578,475,2022-11-05 04:01:32
330,institution,threat,853,125,False,254,653,2022-11-01 14:03:42
331,social,help,714,830,True,922,168,2022-11-03 03:03:42
332,up,national,99,367,False,452,109,2022-11-02 11:25:22
333,thank,beyond,552,711,False,998,696,2022-11-04 09:24:55
334,throughout,total,442,317,False,686,858,2022-11-02 08:20:26
335,experience,I,996,675,True,740,547,2022-11-02 11:34:28
336,performance,sign,89,102,False,651,739,2022-11-05 10:10:49
337,of,edge,496,695,True,679,296,2022-11-05 05:59:59
338,any,affect,211,752,False,224,365,2022-11-03 03:21:28
339,wife,rock,825,526,False,987,639,2022-11-05 03:32:16
340,face,measure,152,342,True,653,166,2022-11-05 11:34:14
341,issue,turn,17,590,True,636,185,2022-11-01 15:39:07
342,lose,carry,813,951,False,558,398,2022-11-05 05:50:31
343,century,stop,341,700,True,804,745,2022-11-05 10:30:49
344,budget,major,650,708,True,701,221,2022-11-01 15:20:49
345,bag,specific,103,134,True,86,929,2022-11-02 16:52:12
346,north,us,860,135,True,487,837,2022-11-05 00:02:50
347,pattern,world,591,153,False,412,99,2022-11-01 00:51:40
348,lose,sea,784,140,False,895,57,2022-11-03 06:13:22
349,tonight,entire,139,733,True,863,595,2022-11-04 01:42:14
350,read,blood,298,272,False,227,909,2022-11-04 09:57:33
351,season,law,86,798,False,271,386,2022-11-05 10:42:06
352,fast,fast,839,269,False,329,595,2022-11-03 14:32:09
353,citizen,measure,494,184,False,790,607,2022-11-02 14:32:48
354,become,rate,989,245,False,666,504,2022-11-05 01:20:13
355,law,building,744,899,False,430,365,2022-11-03 15:46:22
356,just,general,373,15,False,217,15,2022-11-03 15:48:08
357,my,three,186,974,False,382,92,2022-11-02 13:23:02
358,natural,save,783,215,True,884,980,2022-11-03 23:49:04
359,war,cold,442,420,False,486,321,2022-11-03 10:27:39
360,they,although,770,191,True,900,433,2022-11-04 11:50:29
361,Mr,drop,745,494,True,458,743,2022-11-03 11:19:49
362,win,pretty,23,304,False,350,355,2022-11-01 22:10:34
363,put,whether,998,122,True,241,172,2022-11-01 01:53:54
364,prove,special,447,405,False,234,873,2022-11-04 08:22:57
365,dark,nearly,163,544,False,688,364,2022-11-02 05:35:31
366,action,the,697,322,False,126,940,2022-11-05 04:42:41
367,before,red,931,616,False,642,725,2022-11-02 16:21:37
368,turn,by,920,70,True,234,455,2022-11-03 21:02:58
369,it,short,655,802,False,294,675,2022-11-02 10:13:29
370,mission,work,541,597,True,260,364,2022-11-02 01:16:37
371,move,Congress,730,13,False,967,281,2022-11-02 01:36:45
372,a,deal,805,328,True,615,863,2022-11-01 23:54:33
373,beautiful,paper,294,58,False,418,459,2022-11-03 09:14:19
374,environment,avoid,334,540,False,819,336,2022-11-02 23:03:07
375,will,part,930,160,False,453,774,2022-11-05 04:58:15
376,southern,major,544,94,True,857,700,2022-11-03 17:56:07
377,impact,goal,470,608,True,42,362,2022-11-04 07:27:36
378,including,statement,11,607,False,533,326,2022-11-04 07:03:54
379,protect,shoulder,561,169,False,761,541,2022-11-01 17:43:45
380,adult,person,467,12,True,314,686,2022-11-01 00:00:52
381,color,age,443,295,False,262,599,2022-11-04 17:07:49
382,fine,because,738,581,True,103,887,2022-11-01 13:44:46
383,whether,party,455,493,True,680,466,2022-11-03 02:19:17
384,camera,hand,99,124,False,334,993,2022-11-01 11:32:25
385,spring,fly,946,503,True,850,122,2022-11-03 23:14:16
386,give,magazine,244,603,True,192,759,2022-11-05 02:47:15
387,class,either,515,399,False,48,428,2022-11-03 16:41:23
388,pull,term,168,352,True,971,432,2022-11-04 00:22:01
389,success,perform,518,483,False,604,827,2022-11-04 13:46:50
390,item,whatever,717,597,True,136,450,2022-11-01 16:59:51
391,child,born,380,194,False,559,861,2022-11-04 03:40:21
392,wall,catch,253,396,True,517,503,2022-11-01 11:52:52
393,officer,most,616,621,True,869,734,2022-11-02 03:46:35
394,admit,area,175,525,False,288,494,2022-11-02 18:26:05
395,leader,much,773,349,True,614,371,2022-11-03 13:15:39
396,entire,live,13,247,True,724,396,2022-11-04 13:45:45
397,such,we,180,316,False,311,483,2022-11-01 20:40:49
398,rest,world,545,808,True,536,387,2022-11-01 00:44:41
399,economy,choose,933,612,True,293,261,2022-11-01 07:40:07
400,factor,start,435,969,True,804,658,2022-11-01 01:16:20
401,under,both,30,273,False,110,727,2022-11-02 13:33:45
402,officer,east,68,162,False,801,246,2022-11-02 00:46:51
403,job,business,132,686,False,159,8,2022-11-02 02:22:47
404,near,thank,709,737,True,316,384,2022-11-05 05:54:10
405,produce,real,564,16,True,228,636,2022-11-05 10:47:24
406,cultural,marriage,119,559,True,756,843,2022-11-01 11:10:29
407,task,artist,764,945,True,22,959,2022-11-03 04:33:20
408,media,stuff,64,601,False,959,368,2022-11-03 13:42:44
409,either,but,423,838,True,800,834,2022-11-02 05:05:09
410,at,yet,12,299,True,94,120,2022-11-02 02:51:37
411,nation,indicate,936,730,False,292,635,2022-11-03 09:57:04
412,assume,political,403,787,True,590,450,2022-11-03 07:56:44
413,history,maybe,226,704,True,693,64,2022-11-04 05:31:34
414,treatment,listen,899,475,True,369,671,2022-11-05 13:32:09
415,official,effect,874,397,True,539,313,2022-11-03 20:18:07
416,always,matter,373,309,True,730,114,2022-11-01 20:23:37
417,kid,success,817,270,False,769,604,2022-11-01 08:31:05
418,several,owner,18,386,True,905,284,2022-11-04 12:30:43
419,writer,describe,724,574,True,672,394,2022-11-03 07:25:49
420,big,trial,369,498,True,309,803,2022-11-02 07:59:44
421,hit,responsibility,472,247,True,260,420,2022-11-03 17:02:02
422,production,people,32,970,False,990,461,2022-11-05 05:11:43
423,apply,there,433,406,False,807,6,2022-11-05 05:11:24
424,who,according,683,562,False,914,148,2022-11-05 06:56:25
425,pick,player,236,390,False,361,539,2022-11-02 11:57:10
426,administration,remain,366,827,True,627,693,2022-11-02 03:51:09
427,meet,Mrs,900,143,False,314,449,2022-11-04 16:45:47
428,institution,stay,508,145,False,95,218,2022-11-02 06:28:27
429,single,ago,734,882,False,83,163,2022-11-01 04:52:58
430,want,professor,702,427,False,254,910,2022-11-03 15:44:25
431,until,exactly,350,843,False,445,483,2022-11-04 01:42:15
432,involve,about,723,815,True,493,855,2022-11-01 12:32:52
433,lawyer,watch,553,754,True,732,968,2022-11-02 15:11:13
434,paper,perform,292,767,True,894,409,2022-11-02 10:16:33
435,indeed,that,421,6,False,235,925,2022-11-04 14:56:11
436,than,nor,126,779,True,982,779,2022-11-02 21:46:32
437,though,training,364,900,False,799,279,2022-11-04 02:03:13
438,institution,also,39,800,True,648,713,2022-11-04 15:04:51
439,focus,enjoy,167,744,True,747,450,2022-11-04 03:20:41
440,next,concern,770,97,True,462,938,2022-11-01 10:15:05
441,mouth,state,524,113,True,512,688,2022-11-02 23:01:31
442,office,eye,817,926,True,657,480,2022-11-03 04:17:54
443,chair,interview,93,995,True,616,56,2022-11-02 03:26:59
444,happy,case,142,101,True,342,842,2022-11-02 04:17:13
445,central,record,49,888,True,387,807,2022-11-01 19:15:40
446,though,indeed,294,241,False,5,7,2022-11-01 02:56:13
447,dream,student,674,693,False,496,952,2022-11-05 10:17:23
448,lead,radio,55,177,True,852,81,2022-11-03 18:41:49
449,indeed,develop,50,205,False,475,104,2022-11-04 06:03:33
450,step,good,542,849,True,726,632,2022-11-05 03:59:18
451,population,reason,49,690,True,409,753,2022-11-05 07:37:19
452,spend,loss,515,28,False,583,421,2022-11-02 05:11:20
453,debate,until,856,777,True,898,276,2022-11-01 00:18:41
454,country,financial,449,280,True,584,845,2022-11-05 08:41:53
455,later,tree,825,830,True,324,325,2022-11-01 16:03:41
456,tree,benefit,550,781,False,127,460,2022-11-04 13:17:47
457,however,that,143,807,False,207,457,2022-11-02 05:55:52
458,realize,tend,343,922,True,541,415,2022-11-04 22:44:25
459,strategy,huge,281,875,False,776,739,2022-11-05 09:40:59
460,life,low,807,712,True,750,318,2022-11-02 15:55:14
461,anything,challenge,322,597,True,527,501,2022-11-04 22:11:11
462,including,early,731,110,False,724,699,2022-11-01 18:36:29
463,like,serve,132,256,False,400,777,2022-11-04 18:26:23
464,however,second,251,971,False,98,830,2022-11-02 19:06:25
465,none,hundred,30,585,False,228,151,2022-11-05 00:40:52
466,operation,despite,678,451,True,340,905,2022-11-01 19:20:24
467,happen,he,697,937,True,968,320,2022-11-03 21:18:09
468,movement,yet,671,20,True,128,611,2022-11-01 23:38:16
469,support,form,879,665,True,565,729,2022-11-02 17:19:18
470,name,late,284,510,True,599,36,2022-11-01 01:57:42
471,prepare,mission,597,95,True,419,279,2022-11-03 15:10:36
472,stage,different,593,12,True,522,16,2022-11-01 06:15:05
473,court,believe,406,96,True,446,428,2022-11-01 11:25:25
474,dark,sister,833,537,True,886,906,2022-11-01 06:10:00
475,life,call,45,549,True,300,972,2022-11-04 17:58:55
476,sing,street,899,749,False,645,742,2022-11-02 09:34:19
477,anyone,establish,114,869,True,790,891,2022-11-02 07:36:40
478,stand,along,905,721,True,891,840,2022-11-02 20:21:00
479,rich,watch,246,302,False,591,175,2022-11-01 01:56:32
480,one,outside,251,204,False,672,823,2022-11-01 07:06:31
481,out,wall,16,123,False,110,125,2022-11-03 05:21:37
482,human,modern,769,228,True,109,172,2022-11-04 20:34:21
483,on,pull,103,606,False,643,569,2022-11-04 18:59:12
484,market,over,7,665,False,84,565,2022-11-04 02:15:49
485,perform,speech,478,508,False,372,926,2022-11-02 12:06:26
486,for,former,777,297,False,413,256,2022-11-01 06:04:03
487,run,recently,959,257,True,865,420,2022-11-01 17:35:23
488,administration,garden,617,612,True,108,46,2022-11-04 09:09:22
489,economic,time,229,195,True,95,433,2022-11-03 00:10:39
490,recently,heavy,161,937,False,873,660,2022-11-03 08:31:42
491,recent,hot,878,520,False,901,996,2022-11-05 09:54:19
492,recent,itself,84,777,True,460,357,2022-11-03 09:51:24
493,response,maybe,84,101,False,104,441,2022-11-02 10:03:54
494,face,apply,166,253,True,908,456,2022-11-05 02:28:08
495,read,total,162,141,True,505,524,2022-11-03 18:19:46
496,knowledge,response,589,135,True,784,438,2022-11-01 16:23:59
497,fund,may,464,199,True,955,133,2022-11-01 21:35:07
498,glass,little,903,451,True,344,892,2022-11-01 18:21:20
499,new,service,130,679,False,377,964,2022-11-02 21:59:35
500,rather,big,30,456,False,464,456,2022-11-05 07:19:24
501,oil,large,914,978,True,943,807,2022-11-01 22:26:30
502,level,coach,273,287,False,425,487,2022-11-04 14:18:03
503,skin,pretty,253,916,False,603,887,2022-11-01 18:10:21
504,local,behind,503,121,False,415,577,2022-11-01 14:25:21
505,hospital,knowledge,798,425,True,347,849,2022-11-03 08:11:35
506,decide,paper,395,490,True,38,208,2022-11-01 19:38:54
507,property,eat,689,595,True,493,199,2022-11-02 02:44:59
508,style,relate,301,897,True,779,678,2022-11-02 12:38:48
509,care,couple,308,313,False,986,3,2022-11-03 05:11:02
510,series,according,588,789,True,713,339,2022-11-04 07:21:10
511,music,deal,807,201,False,620,504,2022-11-02 08:04:33
512,probably,middle,861,370,True,894,702,2022-11-04 05:43:50
513,popular,American,997,693,False,265,61,2022-11-02 19:44:43
514,fire,some,49,69,False,510,903,2022-11-01 23:31:05
515,place,education,534,438,False,72,18,2022-11-02 20:01:04
516,church,degree,899,536,True,279,690,2022-11-01 07:57:56
517,professional,show,69,467,False,742,366,2022-11-03 00:12:05
518,idea,tree,530,120,False,723,506,2022-11-03 03:34:03
519,manage,interest,795,945,False,508,703,2022-11-03 22:07:20
520,ago,sign,662,53,True,227,600,2022-11-01 19:41:01
521,moment,benefit,847,649,False,651,441,2022-11-03 09:16:49
522,down,prove,337,559,False,413,162,2022-11-02 15:06:02
523,evidence,prove,262,781,True,38,491,2022-11-03 01:30:40
524,organization,answer,588,26,True,395,374,2022-11-03 12:49:55
525,consider,guy,520,573,True,960,796,2022-11-02 06:04:03
526,continue,money,266,982,False,43,45,2022-11-01 21:29:49
527,idea,enter,236,337,True,735,411,2022-11-03 06:54:38
528,education,concern,608,443,False,520,682,2022-11-05 07:04:25
529,author,very,406,109,True,936,935,2022-11-04 03:42:57
530,lead,play,744,810,True,155,703,2022-11-03 21:15:49
531,religious,pretty,233,230,True,609,149,2022-11-04 22:42:45
532,range,human,503,832,False,264,86,2022-11-05 01:54:07
533,meet,of,497,442,False,186,670,2022-11-01 22:42:59
534,meet,debate,862,745,True,406,265,2022-11-03 04:25:50
535,sister,past,217,139,True,396,930,2022-11-02 07:56:25
536,thing,all,256,900,True,577,410,2022-11-03 16:27:18
537,rather,team,229,603,False,358,620,2022-11-04 06:18:03
538,idea,wrong,723,644,False,769,150,2022-11-03 11:40:46
539,possible,decide,773,597,False,576,721,2022-11-02 05:47:36
540,reveal,hit,593,446,False,918,99,2022-11-05 01:06:44
541,short,reduce,50,716,True,896,279,2022-11-02 00:10:01
542,draw,smile,217,722,True,689,921,2022-11-05 06:06:32
543,remain,office,830,359,True,637,194,2022-11-01 19:47:43
544,question,figure,551,381,False,488,593,2022-11-05 11:32:10
545,sister,attack,661,841,True,719,515,2022-11-03 09:32:39
546,nature,provide,736,328,False,271,502,2022-11-05 11:51:06
547,sit,history,173,208,True,236,274,2022-11-03 11:58:24
548,analysis,glass,630,99,False,945,979,2022-11-03 09:14:10
549,traditional,where,91,807,True,125,110,2022-11-03 07:33:29
550,technology,view,726,776,False,183,955,2022-11-02 12:57:27
551,laugh,central,949,341,False,555,142,2022-11-02 07:14:49
552,environment,air,668,375,True,762,766,2022-11-03 03:51:35
553,when,season,189,312,False,180,845,2022-11-03 21:31:35
554,big,chair,892,719,True,253,794,2022-11-02 11:59:09
555,maintain,lay,880,309,False,517,773,2022-11-04 14:43:06
556,everyone,determine,709,405,False,446,172,2022-11-02 20:02:27
557,real,to,664,273,False,805,637,2022-11-01 18:33:41
558,magazine,feeling,597,837,False,956,249,2022-11-02 08:01:22
559,kind,trip,948,293,False,230,496,2022-11-03 08:44:07
560,message,evidence,35,780,False,476,72,2022-11-04 07:46:27
561,address,theory,250,996,False,220,626,2022-11-01 13:39:54
562,military,case,894,250,False,894,442,2022-11-05 05:32:59
563,occur,up,364,973,False,252,716,2022-11-03 07:48:38
564,bank,hit,541,392,True,520,386,2022-11-04 12:01:09
565,teacher,guess,296,745,False,587,497,2022-11-05 04:18:25
566,upon,place,921,779,False,487,519,2022-11-04 03:42:56
567,success,another,180,131,False,523,460,2022-11-03 02:32:46
568,cultural,up,316,798,False,528,559,2022-11-04 01:39:32
569,article,form,159,667,False,638,155,2022-11-01 10:18:41
570,indicate,third,447,86,True,441,223,2022-11-04 06:34:01
571,hotel,early,375,34,True,862,679,2022-11-03 05:42:56
572,offer,instead,317,591,True,451,275,2022-11-03 15:12:05
573,garden,song,638,381,True,257,765,2022-11-03 06:56:07
574,area,third,173,340,False,185,330,2022-11-01 16:38:32
575,unit,likely,695,446,False,518,177,2022-11-01 13:53:07
576,point,friend,165,153,False,734,821,2022-11-01 03:00:13
577,wide,race,986,320,False,142,555,2022-11-01 21:26:15
578,if,room,904,311,False,892,767,2022-11-01 07:08:51
579,hit,statement,211,582,True,259,583,2022-11-03 15:17:41
580,charge,season,296,586,False,324,37,2022-11-04 03:47:40
581,or,often,286,301,True,934,636,2022-11-04 05:18:52
582,example,school,394,12,True,427,86,2022-11-03 15:14:21
583,Mrs,range,666,98,False,951,901,2022-11-02 17:19:12
584,first,moment,747,280,True,36,182,2022-11-04 18:29:25
585,health,hospital,958,942,False,269,632,2022-11-03 10:22:10
586,walk,lawyer,628,981,True,897,492,2022-11-03 11:21:23
587,meet,physical,598,179,True,174,484,2022-11-02 17:18:30
588,I,cell,790,743,False,631,381,2022-11-01 17:40:23
589,your,loss,189,386,False,605,847,2022-11-05 04:52:19
590,throughout,effect,340,256,False,426,342,2022-11-03 11:55:17
591,question,ask,815,752,True,294,25,2022-11-01 19:36:57
592,part,book,223,366,False,879,257,2022-11-04 14:33:48
593,always,current,714,186,True,367,953,2022-11-04 04:03:23
594,condition,visit,424,939,True,307,127,2022-11-01 11:23:48
595,drop,race,311,909,False,431,666,2022-11-03 07:24:33
596,create,religious,987,276,True,405,847,2022-11-02 00:50:55
597,through,college,623,634,False,281,287,2022-11-01 02:05:10
598,PM,walk,410,186,True,381,968,2022-11-05 10:18:34
599,especially,image,595,275,False,906,751,2022-11-01 12:51:48
600,dark,modern,695,584,False,971,120,2022-11-04 14:29:35
601,data,personal,116,861,False,121,427,2022-11-02 20:12:18
602,determine,sometimes,768,381,False,801,59,2022-11-04 00:41:50
603,customer,style,877,862,True,686,824,2022-11-01 15:48:27
604,perhaps,brother,905,165,True,841,34,2022-11-03 21:08:06
605,quickly,by,419,52,True,622,372,2022-11-03 11:24:11
606,policy,only,838,239,False,823,297,2022-11-01 23:40:23
607,challenge,rich,772,325,False,253,845,2022-11-02 12:30:58
608,food,view,854,440,False,975,83,2022-11-02 11:46:09
609,evidence,source,181,707,False,674,480,2022-11-02 21:07:49
610,thank,research,501,293,False,537,69,2022-11-03 03:57:15
611,position,move,942,949,False,377,475,2022-11-02 03:52:45
612,rise,indicate,842,345,True,111,469,2022-11-02 12:14:09
613,job,realize,521,535,False,436,317,2022-11-01 11:34:11
614,might,look,610,374,False,954,779,2022-11-04 13:54:42
615,week,instead,159,141,True,86,826,2022-11-03 09:45:26
616,instead,traditional,581,69,True,341,300,2022-11-01 12:40:24
617,free,range,986,341,False,155,480,2022-11-01 21:40:21
618,expert,write,147,156,False,960,689,2022-11-01 17:38:43
619,practice,model,969,254,False,659,565,2022-11-02 22:53:06
620,painting,ahead,764,164,False,693,794,2022-11-05 04:03:06
621,itself,lay,526,889,False,449,978,2022-11-01 20:39:07
622,behavior,specific,826,609,False,502,103,2022-11-05 04:05:41
623,our,performance,573,502,False,414,839,2022-11-02 13:21:05
624,bar,majority,96,468,False,101,636,2022-11-02 22:37:23
625,study,plant,773,396,False,783,721,2022-11-01 16:10:27
626,space,skin,421,720,True,494,603,2022-11-03 19:59:16
627,explain,quality,128,229,False,765,262,2022-11-03 21:11:24
628,watch,service,251,191,True,860,729,2022-11-04 08:01:50
629,pay,after,254,598,True,496,660,2022-11-04 20:23:07
630,spring,including,333,812,True,615,7,2022-11-01 21:24:43
631,each,work,866,659,True,33,416,2022-11-01 21:48:44
632,answer,a,449,793,False,111,793,2022-11-02 00:48:11
633,baby,activity,484,250,False,559,716,2022-11-01 03:40:32
634,information,subject,678,534,True,149,388,2022-11-03 12:26:57
635,operation,water,622,671,True,869,652,2022-11-03 02:47:06
636,nearly,hair,27,727,False,143,97,2022-11-03 20:34:25
637,happy,group,156,635,False,485,346,2022-11-03 23:11:27
638,job,beautiful,134,574,True,259,739,2022-11-01 00:29:43
639,share,help,469,605,False,815,682,2022-11-02 22:05:21
640,travel,tell,712,186,False,500,253,2022-11-01 16:02:44
641,recently,range,132,723,False,943,677,2022-11-01 03:00:01
642,account,space,918,463,False,127,778,2022-11-05 03:54:53
643,spring,word,39,802,False,649,855,2022-11-01 04:16:02
644,must,single,754,812,True,56,68,2022-11-02 22:18:31
645,work,chair,175,43,False,180,611,2022-11-01 23:59:45
646,billion,poor,492,302,False,175,548,2022-11-05 00:21:14
647,later,agency,190,160,True,751,437,2022-11-02 10:28:24
648,brother,director,9,524,True,810,898,2022-11-01 13:01:13
649,listen,eight,478,850,True,894,581,2022-11-04 14:46:44
650,identify,would,688,691,False,202,662,2022-11-02 04:29:11
651,cover,I,432,573,True,53,24,2022-11-01 22:06:47
652,miss,suddenly,584,972,True,512,170,2022-11-02 22:26:59
653,safe,easy,573,711,False,221,71,2022-11-04 08:34:01
654,create,ok,403,714,False,557,43,2022-11-03 22:34:35
655,black,institution,512,432,True,501,153,2022-11-02 20:15:48
656,whom,baby,103,254,False,542,957,2022-11-05 02:59:11
657,family,issue,790,436,True,988,261,2022-11-01 17:58:05
658,democratic,even,211,13,False,305,209,2022-11-04 05:16:18
659,understand,physical,996,618,False,374,180,2022-11-02 21:22:07
660,treat,event,993,349,False,190,416,2022-11-01 12:18:11
661,your,college,951,688,False,820,852,2022-11-02 18:50:18
662,high,dog,758,885,False,394,841,2022-11-04 06:43:57
663,return,want,1,134,False,622,737,2022-11-03 22:50:20
664,medical,western,74,192,False,74,8,2022-11-04 08:31:50
665,worker,floor,707,780,True,932,348,2022-11-03 04:15:55
666,each,memory,23,233,False,946,806,2022-11-02 01:01:37
667,consumer,point,314,393,True,708,373,2022-11-05 09:17:18
668,agent,standard,564,384,False,956,49,2022-11-03 13:06:14
669,far,us,831,71,False,881,369,2022-11-03 09:58:24
670,couple,ball,729,769,True,905,116,2022-11-03 05:53:54
671,point,whom,660,46,False,446,103,2022-11-02 04:52:42
672,senior,true,104,776,False,679,767,2022-11-03 17:52:44
673,probably,pass,736,862,True,13,976,2022-11-03 15:57:10
674,win,reveal,690,767,True,450,777,2022-11-05 11:53:38
675,front,assume,354,157,False,393,82,2022-11-02 22:39:37
676,produce,fight,901,912,True,628,644,2022-11-04 04:30:49
677,baby,party,172,516,False,63,862,2022-11-02 18:23:17
678,wife,peace,576,749,False,112,126,2022-11-04 05:13:08
679,find,collection,191,715,False,584,852,2022-11-03 22:49:28
680,food,ok,685,808,False,796,637,2022-11-01 09:52:27
681,really,year,359,212,False,451,247,2022-11-02 13:25:01
682,federal,song,180,767,True,373,244,2022-11-02 14:33:08
683,drop,eye,396,869,False,760,209,2022-11-02 13:18:46
684,real,arm,915,71,False,35,35,2022-11-04 03:12:54
685,and,key,430,937,False,975,566,2022-11-01 06:25:35
686,firm,enter,633,890,True,310,278,2022-11-02 21:19:02
687,compare,full,112,462,False,231,275,2022-11-05 00:17:35
688,oil,appear,486,334,False,545,960,2022-11-01 11:49:36
689,data,power,113,733,True,820,311,2022-11-01 04:05:16
690,throw,agent,54,242,True,358,804,2022-11-01 22:04:49
691,nearly,point,481,236,True,709,125,2022-11-01 03:27:48
692,out,former,843,703,False,646,991,2022-11-04 05:12:47
693,keep,medical,874,695,True,540,503,2022-11-05 06:16:15
694,they,people,346,880,True,508,371,2022-11-01 02:03:33
695,tonight,federal,880,68,True,471,366,2022-11-05 12:18:34
696,military,tend,844,615,True,514,41,2022-11-04 11:28:52
697,senior,glass,452,420,False,486,99,2022-11-02 04:18:31
698,hot,plan,899,367,True,38,701,2022-11-04 20:59:21
699,wind,attorney,565,342,False,985,421,2022-11-02 05:03:12
700,issue,summer,864,639,False,963,818,2022-11-02 12:53:11
701,kid,shake,156,931,True,375,422,2022-11-05 06:48:26
702,particular,choose,768,150,True,403,838,2022-11-03 05:18:50
703,benefit,drive,587,910,False,496,696,2022-11-02 10:17:23
704,simply,interview,949,69,False,750,707,2022-11-04 22:13:05
705,stuff,ahead,655,242,False,520,170,2022-11-01 04:05:47
706,leader,perform,146,470,False,91,598,2022-11-01 11:21:16
707,movie,theory,457,883,False,107,873,2022-11-02 03:29:30
708,certain,under,609,433,True,832,734,2022-11-01 01:48:24
709,change,each,879,985,True,848,226,2022-11-04 12:19:45
710,sure,service,634,391,True,813,803,2022-11-04 02:02:24
711,contain,tough,23,895,True,866,475,2022-11-03 06:55:35
712,team,cover,34,839,True,669,548,2022-11-04 21:35:37
713,population,parent,853,992,False,711,842,2022-11-01 11:41:26
714,car,debate,451,39,True,247,119,2022-11-01 02:53:15
715,situation,term,815,476,False,225,58,2022-11-02 00:24:20
716,civil,ago,738,368,False,731,14,2022-11-01 20:27:01
717,stage,machine,916,179,False,160,65,2022-11-04 09:39:31
718,PM,Mr,585,489,False,755,495,2022-11-01 11:27:12
719,particularly,group,145,529,False,998,326,2022-11-05 06:27:54
720,who,oil,787,233,False,157,249,2022-11-03 10:46:29
721,subject,election,904,385,True,472,192,2022-11-03 01:23:24
722,fly,strategy,231,170,False,174,45,2022-11-03 11:03:37
723,in,season,120,570,False,585,896,2022-11-01 01:27:23
724,mention,successful,789,149,True,376,632,2022-11-05 03:15:37
725,very,image,639,201,False,698,415,2022-11-05 07:53:34
726,real,leg,677,215,False,117,379,2022-11-04 20:52:27
727,machine,course,940,939,True,439,612,2022-11-04 15:17:00
728,save,late,480,682,False,51,392,2022-11-04 12:46:32
729,concern,season,252,255,True,828,537,2022-11-01 07:33:06
730,computer,evening,606,281,False,386,515,2022-11-04 00:59:59
731,item,bit,430,518,False,70,651,2022-11-01 08:48:31
732,both,decide,469,493,True,763,903,2022-11-02 12:14:42
733,wait,this,567,250,True,574,59,2022-11-03 17:29:11
734,girl,network,702,656,True,918,78,2022-11-02 11:08:49
735,open,image,256,111,True,260,530,2022-11-04 06:49:18
736,walk,cost,670,367,True,441,789,2022-11-01 06:48:42
737,some,power,128,749,True,493,909,2022-11-02 23:06:25
738,dark,analysis,261,342,False,384,657,2022-11-01 22:13:03
739,front,it,212,521,True,150,819,2022-11-03 00:25:19
740,thought,mouth,529,780,True,711,802,2022-11-01 07:22:07
741,serious,tough,578,446,False,394,314,2022-11-01 00:13:10
742,officer,step,186,370,False,104,888,2022-11-02 17:13:52
743,available,court,258,459,True,10,660,2022-11-05 04:07:07
744,ok,share,685,129,False,116,735,2022-11-04 08:53:52
745,ability,tend,235,179,False,487,992,2022-11-05 01:44:13
746,center,position,697,864,False,543,960,2022-11-04 10:10:54
747,money,our,456,924,False,695,883,2022-11-02 02:53:47
748,information,feeling,858,917,True,442,615,2022-11-01 19:06:32
749,boy,moment,126,817,True,833,54,2022-11-04 01:15:00
750,score,keep,603,804,False,617,41,2022-11-01 05:35:12
751,member,science,454,415,False,739,817,2022-11-02 10:16:15
752,full,own,365,588,False,914,430,2022-11-04 07:15:51
753,official,color,66,252,False,42,134,2022-11-03 04:07:38
754,listen,service,492,788,True,101,76,2022-11-03 04:12:00
755,health,generation,639,953,False,268,106,2022-11-04 06:44:34
756,up,actually,870,409,True,25,414,2022-11-03 03:31:52
757,color,information,403,795,True,514,616,2022-11-03 21:17:22
758,amount,look,18,466,False,324,127,2022-11-03 04:12:36
759,fact,someone,256,136,True,511,525,2022-11-04 17:19:31
760,production,minute,600,210,False,429,881,2022-11-02 16:30:53
761,year,heavy,646,802,False,285,361,2022-11-01 20:14:24
762,happen,popular,237,272,False,34,285,2022-11-01 20:06:10
763,ten,enough,890,48,True,546,249,2022-11-03 19:43:08
764,at,fish,259,326,False,257,680,2022-11-02 08:28:04
765,occur,everyone,680,132,False,759,321,2022-11-05 03:29:41
766,reason,who,504,266,True,208,854,2022-11-04 18:28:50
767,family,detail,492,727,False,448,231,2022-11-02 21:05:25
768,maintain,model,201,114,False,736,350,2022-11-02 13:38:15
769,growth,line,464,414,True,775,168,2022-11-05 10:31:28
770,authority,sing,592,604,True,873,213,2022-11-04 06:54:50
771,exactly,system,379,235,False,158,79,2022-11-03 05:39:27
772,exist,include,388,992,True,164,112,2022-11-04 05:54:14
773,power,instead,149,442,True,463,955,2022-11-04 21:33:52
774,difference,good,700,633,True,415,220,2022-11-01 07:26:36
775,cost,ahead,117,715,False,4,313,2022-11-04 15:47:14
776,century,camera,154,954,False,221,971,2022-11-01 18:31:11
777,husband,consider,572,515,True,369,132,2022-11-02 16:33:09
778,different,might,492,257,False,828,718,2022-11-02 03:59:43
779,always,simply,677,377,True,164,697,2022-11-04 18:43:23
780,challenge,history,752,204,True,714,191,2022-11-02 00:04:13
781,accept,century,544,641,False,4,866,2022-11-03 09:06:42
782,poor,last,889,693,False,993,235,2022-11-02 17:03:50
783,result,help,40,15,False,153,400,2022-11-02 08:16:10
784,still,blood,238,653,False,334,129,2022-11-04 11:02:04
785,win,chance,420,70,True,591,231,2022-11-01 23:53:06
786,task,however,217,501,True,852,612,2022-11-01 01:13:08
787,run,be,863,931,False,36,815,2022-11-03 05:57:45
788,possible,to,200,975,True,458,954,2022-11-01 14:29:48
789,environment,husband,611,772,True,235,880,2022-11-01 15:46:59
790,total,watch,78,864,True,871,652,2022-11-05 03:20:14
791,raise,another,336,575,False,713,363,2022-11-02 02:33:29
792,material,degree,969,427,True,71,738,2022-11-04 17:38:08
793,no,last,204,280,False,126,913,2022-11-05 09:39:48
794,everything,fish,10,728,False,766,355,2022-11-01 06:28:14
795,country,focus,65,971,False,640,671,2022-11-03 17:46:46
796,she,inside,347,316,True,5,577,2022-11-01 02:23:14
797,score,school,400,705,True,874,761,2022-11-01 19:51:46
798,end,management,450,587,False,390,473,2022-11-03 05:57:31
799,wear,hot,266,267,True,367,661,2022-11-04 17:54:02
800,feeling,son,898,875,False,339,960,2022-11-01 08:57:40
801,every,owner,549,949,True,380,110,2022-11-03 15:20:57
802,about,provide,631,314,False,427,849,2022-11-04 22:27:40
803,ask,claim,969,155,True,690,453,2022-11-05 01:10:00
804,someone,administration,305,204,True,550,550,2022-11-03 03:53:22
805,information,can,771,982,False,335,406,2022-11-04 09:05:40
806,success,picture,377,689,True,811,750,2022-11-04 03:36:11
807,yet,college,557,111,True,360,825,2022-11-03 09:39:05
808,your,trouble,377,37,True,238,937,2022-11-03 04:59:13
809,kid,court,190,734,True,29,531,2022-11-03 21:42:36
810,whatever,appear,86,874,True,122,286,2022-11-04 08:03:37
811,song,at,550,234,False,226,883,2022-11-03 16:11:28
812,road,check,249,752,True,529,498,2022-11-04 05:35:20
813,provide,they,384,713,True,942,702,2022-11-02 22:20:01
814,blood,without,401,105,False,155,167,2022-11-03 01:25:31
815,ready,number,980,351,False,902,697,2022-11-03 17:13:53
816,more,him,445,975,True,772,786,2022-11-05 07:30:16
817,land,main,115,120,True,817,473,2022-11-01 06:32:02
818,radio,commercial,348,946,False,489,659,2022-11-02 15:49:26
819,test,test,437,121,True,992,430,2022-11-01 18:47:47
820,rest,by,313,509,False,677,652,2022-11-01 07:02:39
821,cup,push,349,693,False,744,433,2022-11-02 23:13:49
822,TV,help,119,695,True,978,266,2022-11-01 06:29:22
823,particular,stage,102,614,True,262,144,2022-11-02 22:52:54
824,anything,reach,873,885,True,944,172,2022-11-04 17:29:45
825,security,claim,623,271,False,733,154,2022-11-02 04:20:51
826,country,maybe,59,306,True,30,819,2022-11-05 01:06:57
827,person,recent,81,282,True,361,835,2022-11-05 10:02:48
828,choose,own,622,895,True,437,902,2022-11-02 22:29:07
829,money,information,708,286,False,974,693,2022-11-01 18:51:10
830,even,unit,182,12,True,356,899,2022-11-05 08:40:06
831,return,film,749,635,False,491,640,2022-11-02 21:50:32
832,audience,magazine,16,938,True,970,527,2022-11-03 11:38:02
833,involve,church,709,146,False,854,742,2022-11-02 11:05:13
834,year,prove,371,194,True,478,490,2022-11-03 07:12:16
835,appear,miss,329,895,False,740,291,2022-11-01 06:54:56
836,almost,choice,337,425,False,65,50,2022-11-03 09:09:59
837,type,citizen,161,84,False,487,782,2022-11-03 10:50:21
838,beautiful,type,308,371,True,312,235,2022-11-03 20:32:37
839,stay,add,448,172,True,973,214,2022-11-02 07:30:34
840,road,president,362,440,True,727,72,2022-11-04 04:21:27
841,set,sing,242,888,False,254,566,2022-11-04 11:04:49
842,animal,when,948,899,False,50,983,2022-11-02 06:46:33
843,once,season,177,495,True,809,401,2022-11-02 13:18:41
844,meet,his,486,737,False,205,359,2022-11-03 00:20:55
845,decision,grow,767,590,False,332,622,2022-11-03 07:12:03
846,defense,though,905,624,True,977,78,2022-11-03 18:15:48
847,listen,force,487,601,True,346,366,2022-11-01 21:06:41
848,back,long,215,36,True,637,908,2022-11-03 18:11:12
849,past,improve,407,132,False,136,913,2022-11-04 13:40:31
850,while,exist,430,326,False,165,862,2022-11-04 22:17:45
851,hold,minute,402,454,True,127,782,2022-11-02 01:59:20
852,hit,family,20,523,True,960,226,2022-11-02 17:04:24
853,key,factor,254,821,False,492,598,2022-11-05 00:39:03
854,man,organization,238,391,False,338,966,2022-11-03 16:46:53
855,involve,enough,409,237,True,454,721,2022-11-05 03:42:00
856,rock,call,881,880,False,329,384,2022-11-01 21:14:04
857,financial,police,15,544,True,881,715,2022-11-02 14:39:40
858,choose,give,832,832,True,539,283,2022-11-01 21:24:11
859,person,manage,943,546,True,920,764,2022-11-01 19:33:25
860,she,rich,713,642,True,372,464,2022-11-02 02:30:26
861,ever,structure,284,574,True,66,17,2022-11-01 20:43:44
862,drug,forget,667,193,True,929,224,2022-11-04 15:00:35
863,feel,he,153,304,True,323,949,2022-11-03 16:26:32
864,hold,above,183,140,False,486,217,2022-11-02 08:04:37
865,itself,television,973,913,False,450,435,2022-11-02 20:15:42
866,alone,describe,195,576,True,942,551,2022-11-02 18:31:10
867,identify,hard,614,63,True,503,439,2022-11-02 16:13:07
868,issue,paper,858,239,True,942,790,2022-11-03 08:54:32
869,consider,finally,411,360,True,852,55,2022-11-02 02:24:43
870,million,campaign,951,66,False,162,347,2022-11-04 03:00:36
871,federal,model,991,621,True,50,215,2022-11-03 16:15:14
872,eat,third,379,54,False,720,60,2022-11-03 09:17:34
873,thousand,million,668,417,True,972,252,2022-11-01 16:51:34
874,administration,last,488,460,False,709,956,2022-11-03 00:59:43
875,player,stay,714,236,False,466,662,2022-11-04 14:42:10
876,current,apply,440,745,False,497,680,2022-11-05 06:10:59
877,bar,much,499,629,False,441,13,2022-11-02 08:49:49
878,some,grow,568,805,False,503,254,2022-11-02 17:15:25
879,mention,task,78,157,False,798,191,2022-11-04 06:58:05
880,pattern,free,506,820,True,337,819,2022-11-01 11:46:57
881,adult,store,756,246,False,326,68,2022-11-04 22:00:38
882,south,give,720,154,True,29,262,2022-11-01 09:38:58
883,writer,center,437,547,False,483,3,2022-11-03 12:07:38
884,nor,way,641,391,False,316,704,2022-11-04 17:53:28
885,station,since,913,428,False,82,877,2022-11-05 03:48:19
886,skill,recognize,664,61,True,560,937,2022-11-01 16:05:56
887,south,sell,567,893,False,528,821,2022-11-05 00:57:06
888,color,character,793,242,False,814,864,2022-11-05 11:44:22
889,drop,little,638,754,False,134,379,2022-11-04 07:45:37
890,month,Republican,211,904,True,211,760,2022-11-02 05:59:17
891,quite,her,65,787,True,111,990,2022-11-03 09:16:23
892,seat,baby,241,224,True,277,648,2022-11-03 10:56:53
893,station,up,628,487,False,752,487,2022-11-01 19:11:14
894,finally,serious,215,435,False,934,849,2022-11-04 06:43:33
895,operation,test,60,757,True,651,355,2022-11-03 00:26:22
896,international,difficult,640,661,False,937,571,2022-11-02 19:17:16
897,interesting,thousand,691,765,True,975,974,2022-11-02 21:08:13
898,report,away,803,455,False,519,619,2022-11-05 09:16:18
899,pick,school,941,633,False,300,624,2022-11-01 11:05:46
900,professional,teacher,186,410,False,866,71,2022-11-05 02:06:05
901,anything,list,113,867,True,24,640,2022-11-04 01:53:00
902,main,travel,436,206,False,6,271,2022-11-01 13:44:01
903,somebody,with,457,95,False,501,358,2022-11-04 17:11:13
904,tonight,which,367,55,True,373,702,2022-11-04 08:35:06
905,certainly,understand,48,636,True,876,516,2022-11-03 15:55:36
906,father,call,939,59,False,444,955,2022-11-01 07:16:14
907,power,change,911,536,False,552,487,2022-11-03 11:15:32
908,former,improve,404,385,False,948,714,2022-11-04 21:12:34
909,store,dream,24,761,False,658,89,2022-11-04 18:25:07
910,add,perhaps,851,981,True,669,753,2022-11-05 06:54:13
911,near,account,864,435,False,55,116,2022-11-02 07:12:58
912,recognize,organization,607,520,False,653,118,2022-11-03 14:48:02
913,still,newspaper,608,439,False,494,42,2022-11-04 15:34:52
914,some,every,860,470,False,647,334,2022-11-02 05:00:05
915,special,watch,558,440,True,717,156,2022-11-04 14:40:41
916,major,race,257,836,False,29,296,2022-11-04 17:35:06
917,stay,author,133,471,False,536,944,2022-11-04 23:54:56
918,everything,quickly,138,483,True,338,193,2022-11-03 17:11:49
919,check,night,499,15,False,64,372,2022-11-01 11:26:51
920,nothing,management,5,971,False,398,125,2022-11-01 14:45:32
921,staff,mind,382,157,True,901,354,2022-11-03 19:18:06
922,south,PM,524,408,True,546,987,2022-11-02 14:26:11
923,everything,learn,118,468,False,306,942,2022-11-02 08:59:25
924,dog,recent,784,844,True,388,852,2022-11-04 09:30:24
925,tend,effort,893,173,True,559,158,2022-11-01 18:22:14
926,remain,American,412,865,False,745,792,2022-11-03 01:08:28
927,always,yet,503,637,True,394,327,2022-11-02 19:11:10
928,change,rich,545,585,False,546,957,2022-11-04 03:20:42
929,force,arrive,934,708,False,642,88,2022-11-02 16:58:45
930,suggest,bit,371,636,True,96,524,2022-11-02 12:30:55
931,mouth,language,265,800,False,851,102,2022-11-03 19:13:42
932,dream,yourself,940,865,True,851,641,2022-11-01 15:38:19
933,magazine,media,465,456,True,789,179,2022-11-01 09:42:51
934,best,brother,522,458,True,201,325,2022-11-02 07:17:36
935,meeting,shoulder,56,691,False,462,9,2022-11-02 15:39:42
936,politics,ask,130,643,True,896,675,2022-11-02 09:50:07
937,increase,garden,501,248,True,966,625,2022-11-03 16:53:10
938,sing,individual,108,560,False,552,78,2022-11-04 17:08:26
939,learn,fact,862,982,False,565,561,2022-11-02 04:48:30
940,big,little,569,706,True,488,589,2022-11-03 20:23:51
941,even,require,772,352,True,262,505,2022-11-01 15:56:24
942,term,my,243,635,False,739,15,2022-11-03 03:38:10
943,occur,yeah,317,949,True,461,924,2022-11-01 14:17:40
944,investment,game,962,252,True,192,518,2022-11-01 09:14:24
945,pick,heart,555,191,False,601,345,2022-11-04 20:37:22
946,single,develop,970,639,False,685,626,2022-11-03 19:33:39
947,student,election,249,206,False,189,269,2022-11-01 03:55:47
948,trade,son,861,639,True,604,665,2022-11-01 05:02:47
949,low,similar,115,144,True,391,681,2022-11-03 11:20:09
950,soldier,build,645,640,False,173,267,2022-11-03 04:30:15
951,particularly,policy,439,876,False,403,991,2022-11-02 06:18:56
952,agent,two,14,620,False,176,741,2022-11-03 15:41:20
953,film,kitchen,323,938,False,116,92,2022-11-05 06:56:54
954,number,blue,392,59,False,540,939,2022-11-03 20:34:28
955,actually,wall,464,996,False,877,24,2022-11-02 04:14:03
956,make,raise,466,901,False,657,622,2022-11-02 06:57:52
957,mother,church,438,394,False,630,52,2022-11-01 10:55:32
958,mission,happy,10,938,False,645,317,2022-11-04 03:59:07
959,direction,sometimes,278,202,True,460,67,2022-11-02 18:13:41
960,close,program,617,186,True,916,280,2022-11-05 10:37:20
961,site,picture,55,333,False,157,914,2022-11-01 03:42:59
962,administration,detail,111,783,True,501,736,2022-11-05 12:12:49
963,should,respond,659,500,True,763,152,2022-11-04 05:23:39
964,win,sea,233,801,True,570,668,2022-11-01 19:22:35
965,to,should,73,915,True,701,471,2022-11-02 17:57:56
966,team,success,408,203,True,504,449,2022-11-02 12:56:27
967,what,read,735,828,False,596,309,2022-11-01 22:52:27
968,mention,appear,755,882,True,945,919,2022-11-02 06:37:15
969,billion,left,68,605,True,764,253,2022-11-01 07:49:39
970,fly,deep,843,59,True,389,658,2022-11-05 00:32:21
971,only,big,219,705,False,50,876,2022-11-01 11:44:57
972,require,road,951,538,False,808,913,2022-11-02 10:20:31
973,remain,after,698,510,True,529,107,2022-11-03 02:31:01
974,recognize,change,620,544,False,535,849,2022-11-04 06:52:47
975,major,coach,429,953,True,95,675,2022-11-01 01:39:26
976,interview,program,945,326,False,999,947,2022-11-04 07:41:01
977,reason,lot,786,478,False,886,199,2022-11-03 05:46:16
978,particularly,break,866,281,True,8,583,2022-11-04 07:49:35
979,however,central,211,490,True,602,819,2022-11-01 09:58:18
980,street,old,765,265,False,341,393,2022-11-03 19:19:33
981,leg,other,861,292,True,433,771,2022-11-04 08:11:09
982,next,since,258,453,True,13,956,2022-11-01 02:10:57
983,identify,husband,875,761,False,720,53,2022-11-04 13:22:47
984,industry,word,868,818,False,208,763,2022-11-05 01:48:48
985,floor,would,53,780,False,993,5,2022-11-02 13:04:57
986,remain,hotel,351,110,True,513,403,2022-11-02 14:32:33
987,energy,design,722,56,False,824,237,2022-11-04 02:27:04
988,by,fact,709,542,False,738,566,2022-11-04 07:38:44
989,as,society,265,701,True,782,993,2022-11-03 20:38:37
990,must,station,791,659,False,719,842,2022-11-01 02:47:53
991,share,sense,491,578,False,984,663,2022-11-01 08:08:20
992,watch,true,580,467,False,650,901,2022-11-05 08:40:55
993,on,material,556,359,False,66,301,2022-11-01 00:53:44
994,kid,table,459,596,True,995,745,2022-11-01 07:12:51
995,example,change,894,12,True,978,26,2022-11-02 07:57:44
996,similar,me,189,318,True,676,147,2022-11-01 09:29:52
997,conference,culture,615,907,True,401,127,2022-11-04 14:40:40
998,center,young,426,944,True,556,557,2022-11-05 12:27:11
999,everyone,south,748,197,True,728,15,2022-11-01 16:31:47
1000,officer,blue,880,787,False,766,83,2022-11-03 11:14:40
